ENTIDAD TERRITORIAL,CODIGO BPIN,NOMBRE DEL PROYECTO,ESTADO,#ACTA,FECHA ACTA,# ACUERDO,FECHA ACUERDO,SECTOR,VALOR TOTAL,EJECUTOR, profesional VERIFICADOR DE REQUISITOS ,fecha,observaciones
ABREGO,2012004540003,"Construcción Pavimento rígido en calle 14 entre carreras 6, 7 y 8 de la cabecera municipal en el municipio de Abrego, Departamento Norte de Santander",Aprobación,3,10/22/2012 12:00:00 AM,2,10/22/2012 12:00:00 AM,Transporte - Red urbana,319316569,Municipio de ABREGO,ORLANDO JAIMES BARAJAS,2013-09-23T00:00:00,
ABREGO,2012004540003,"Construcción Pavimento rígido en calle 14 entre carreras 6, 7 y 8 de la cabecera municipal en el municipio de Abrego, Departamento Norte de Santander",Aclaracion valores,2,06/24/2015 12:00:00 AM,2,07/03/2015 12:00:00 AM,Transporte - Red urbana,0,Municipio de ABREGO,NO APLICA,N/A,
ABREGO,2012004540027,"Mantenimiento y Adecuación de Vías Rurales en el municipio de Abrego, Norte de Santander",Aprobación,4,11/13/2012 12:00:00 AM,3,11/13/2012 12:00:00 AM,Transporte - Vial Red Terciaria,714639751,Municipio de ABREGO,FREDDY FONTIVEROS,2012-12-07T00:00:00,
ABREGO,2013004540001,"Construcción PAVIMENTO RIGIDO EN CALLE 14 DESDE LA CARRERA 9 HASTA CAÑO EL TUN TUN, DE LA CABECERA MUNICIPAL EN EL MUNICIPIO DE Abrego Departamento Norte de Santander",Aprobación,1,03/21/2013 12:00:00 AM,1,03/22/2013 12:00:00 AM,Transporte - Red urbana,101945828,Municipio de ABREGO,ORLANDO JAIMES BARAJAS,2014-02-20T00:00:00,
ABREGO,2013004540031,"Construcción de pavimento en Concreto Rígido de la calle 8A entre carreras 3 y 4 y la carrera 3 entre calles 8 y 8A, Barrio La Ceiba, Abrego, Norte de Santander",Aprobación,5,10/03/2013 12:00:00 AM,5,10/03/2013 12:00:00 AM,Transporte - Red urbana,199965718,MUNICIPIO ABREGO,ORLANDO JAIMES BARAJAS,2014-02-20T00:00:00,
ABREGO,2013004540032,"Construcción Obras de Alcantarillado Sanitario, Acueducto, Pavimento Rígido y Zonas Peatonales en la Carrera 7 entre la Avenida La Piñuela y la Calle 6B y entre las calles 10 y 15 del casco urbano de Abrego, Norte de Santander",Aprobación,5,10/03/2013 12:00:00 AM,5,10/03/2013 12:00:00 AM,Transporte - Red urbana,2187864728,MUNICIPIO ABREGO,ORLANDO JAIMES BARAJAS,2014-02-20T00:00:00,
ABREGO,2013004540045,"Construcción Pavimento rígido en la Calle 14 entre la nomenclatura 7-86 hasta la 8-10 de la Cabecera Municipal del Municipio de Abrego, Norte de Santander",Aprobación,5,10/03/2013 12:00:00 AM,5,10/03/2013 12:00:00 AM,Transporte - Red urbana,102505949,MUNICIPIO ABREGO,GLORIA RUTH BELTRAN LOZANO,2013-11-20T00:00:00,
ABREGO,2014004540017,"Construcción Obras de terminación del parque principal de Abrego ""Guillermo Quintero Calderon"" Abrego, Norte de Santander, Centro Oriente",Aprobación,6,10/30/2014 12:00:00 AM,6,10/30/2014 12:00:00 AM,Vivienda y Desarrollo Urbano - Ordenamiento territorial y desarrollo urbano,623317008,MUNICIPIO DE ABREGO,GLORIA RUTH BELTRAN LOZANO,2014-10-15T00:00:00,
ABREGO,2014004540017,"Construcción Obras de terminación del parque principal de Abrego ""Guillermo Quintero Calderon"" Abrego, Norte de Santander, Centro Oriente",Ajustes-V.F.E,7,12/03/2014 12:00:00 AM,7,12/03/2014 12:00:00 AM,Vivienda y Desarrollo Urbano - Ordenamiento territorial y desarrollo urbano,0,,N/A,N/A,
ABREGO,2014004540017,"Construcción Obras de terminación del parque principal de Abrego ""Guillermo Quintero Calderon"" Abrego, Norte de Santander, Centro Oriente",Ajustes-V.F.E,8,12/29/2014 12:00:00 AM,8,12/29/2014 12:00:00 AM,Vivienda y Desarrollo Urbano - Ordenamiento territorial y desarrollo urbano,0,,N/A,N/A,
ABREGO,2015004540007,"CONSTRUCCIÓN OBRAS DE PAVIMENTACIÓN EN CONCRETO RÍGIDO Y MEJORAMIENTO DE ZONAS PEATONALES EN DIVERSAS VÍAS DEL CASCO URBANO DE ABREGO, NORTE DE SANTANDER",Aprobación,2,06/24/2015 12:00:00 AM,2,07/03/2015 12:00:00 AM,Transporte - Red urbana,1332059405,MUNICIPIO DE ABREGO,JEFFERSON GUERRERO,2015-07-15T00:00:00,
ABREGO,2015004540007,"CONSTRUCCIÓN OBRAS DE PAVIMENTACIÓN EN CONCRETO RÍGIDO Y MEJORAMIENTO DE ZONAS PEATONALES EN DIVERSAS VÍAS DEL CASCO URBANO DE ABREGO, NORTE DE SANTANDER",Ajustes-cambio fuentes,4,09/03/2015 12:00:00 AM,4,09/11/2015 12:00:00 AM,Transporte - Red urbana,0,,N/A,N/A,
ABREGO,2016004540001,"CONSTRUCCIÓN DE VÍAS URBANAS EL BARRIO VILLA CELMIRA Y BELLO VALLE DEL MUNICIPIO DE ABREGO, NORTE DE SANTANDER",Aprobación,3,06/24/2016 12:00:00 AM,3,06/24/2016 12:00:00 AM,Transporte - Red urbana,1197344679,MUNICIPIO DE ABREGO,,,
ABREGO,2016004540001,"CONSTRUCCIÓN DE VÍAS URBANAS EL BARRIO VILLA CELMIRA Y BELLO VALLE DEL MUNICIPIO DE ABREGO, NORTE DE SANTANDER",Ajustes-V.F.E,3,06/24/2016 12:00:00 AM,3,06/24/2016 12:00:00 AM,Transporte - Red urbana,0,,RICARDO UMBARILA,2016-08-22T00:00:00,
ABREGO,2016004540001,"CONSTRUCCIÓN DE VÍAS URBANAS EL BARRIO VILLA CELMIRA Y BELLO VALLE DEL MUNICIPIO DE ABREGO, NORTE DE SANTANDER",Ajustes-ejecutor,7,12/28/2016 12:00:00 AM,6,12/28/2016 12:00:00 AM,Transporte - Red urbana,0,,,,
ABREGO,2016004540001,"CONSTRUCCIÓN DE VÍAS URBANAS EL BARRIO VILLA CELMIRA Y BELLO VALLE DEL MUNICIPIO DE ABREGO, NORTE DE SANTANDER",Ajustes-ejecutor,2,03/17/2017 12:00:00 AM,2,03/17/2017 12:00:00 AM,Transporte - Red urbana,0,,,,
ABREGO,n/a,"Priorizar los sectores de inversión 1. Agricultura y Desarrollo Rural, 2.
Comercio, Industria y Turismo, 3. Cultura, 4. Deporte y Recreación, 5. Transporte",Priorizar sectores,6,10/27/2016 12:00:00 AM,5,10/27/2016 12:00:00 AM,,0,,,,
ARBOLEDAS,2012004540016,"CONSTRUCCION MEJORAMIENTO DE PAVIMENTO CALLE 3 ENTRE CARRERA 8, 9, 10 Y SALIDA A VILLA SUCRE. ARBOLEDAS, NORTE DE SANTANDER. ",Aprobación,6,12/27/2012 12:00:00 AM,5,12/27/2012 12:00:00 AM,Transporte - Red urbana,276641000,MUNICIPIO DE ARBOLEDAS,FREDDY FONTIVEROS,2013-03-05T00:00:00,
ARBOLEDAS,2014004540030,"Mejoramiento de la plaza de mercado del municipio de Arboledas, Norte de Santander, Centro Oriente",Aprobación,8,12/29/2014 12:00:00 AM,8,12/29/2014 12:00:00 AM,Agricultura - proyectos de desarrollo rural,775014213,MUNICIPIO DE ARBOLEDAS,FREDDY FONTIVEROS,2015-04-15T00:00:00,
ARBOLEDAS,2014004540030,"Mejoramiento de la plaza de mercado del municipio de Arboledas, Norte de Santander, Centro Oriente",Ajustes-V.F.E,8,12/29/2014 12:00:00 AM,8,12/29/2014 12:00:00 AM,Agricultura - proyectos de desarrollo rural,0,,N/A,N/A,
ARBOLEDAS,2015004540039,"CONSTRUCCIÓN EN PAVIMENTO RÍGIDO DE VÍAS URBANAS DEL MUNICIPIO DE ARBOLEDAS, NORTE DE SANTANDER",Aprobación,7,12/10/2015 12:00:00 AM,7,12/10/2015 12:00:00 AM,Transporte - Red urbana,331952453,MUNICIPIO DE ARBOLEDAS,FREDDY FONTIVEROS,2015-12-10T00:00:00,
BOCHALEMA,2013004540012,"Construcción de Pavimento Rígido en las vías urbanas del Municipio de Bochalema, Norte de Santander, Centro Oriente",Aprobación,3,06/11/2013 12:00:00 AM,3,06/11/2013 12:00:00 AM,Transporte - Red urbana,708579421,MUNICIPIO BOCHALEMA,FREDDY FONTIVEROS,2013-07-17T00:00:00,
BOCHALEMA,2013004540012,"Construcción de Pavimento Rígido en las vías urbanas del Municipio de Bochalema, Norte de Santander, Centro Oriente",Ajustes-aumento,2,03/13/2014 12:00:00 AM,2,03/13/2014 12:00:00 AM,Transporte - Red urbana,62990179,,N/A,N/A,
BOCHALEMA,2013004540012,"Construcción de Pavimento Rígido en las vías urbanas del Municipio de Bochalema, Norte de Santander, Centro Oriente",liberar cupo,7,12/28/2016 12:00:00 AM,6,12/28/2016 12:00:00 AM,Transporte - Red urbana,-9821,,,,
BOCHALEMA,2013004540012,"Construcción de Pavimento Rígido en las vías urbanas del Municipio de Bochalema, Norte de Santander, Centro Oriente",cierre,7,12/28/2016 12:00:00 AM,6,12/28/2016 12:00:00 AM,Transporte - Red urbana,0,,,,
BOCHALEMA,2014004540023,"Construcción obras de urbanismo parque líneal perímetral escuela Marcos Garcia Carrillo en el centro poblado la DonJuana del municipio de Bochalema, Norte de Santander, Centro Oriente",Aprobación,8,12/29/2014 12:00:00 AM,8,12/29/2014 12:00:00 AM,Transporte - Red urbana,388762761,MUNICIPIO BOCHALEMA,FREDDY FONTIVEROS,2015-03-16T00:00:00,
BOCHALEMA,2014004540023,"Construcción obras de urbanismo parque líneal perímetral escuela Marcos Garcia Carrillo en el centro poblado la DonJuana del municipio de Bochalema, Norte de Santander, Centro Oriente",Ajustes-V.F.E,8,12/29/2014 12:00:00 AM,8,12/29/2014 12:00:00 AM,Transporte - Red urbana,0,,N/A,N/A,
BOCHALEMA,2014004540023,"Construcción obras de urbanismo parque líneal perímetral escuela Marcos Garcia Carrillo en el centro poblado la DonJuana del municipio de Bochalema, Norte de Santander, Centro Oriente",liberar cupo,7,12/28/2016 12:00:00 AM,6,12/28/2016 12:00:00 AM,Transporte - Red urbana,-14838,,,,
BOCHALEMA,2014004540023,"Construcción obras de urbanismo parque líneal perímetral escuela Marcos Garcia Carrillo en el centro poblado la DonJuana del municipio de Bochalema, Norte de Santander, Centro Oriente",cierre,7,12/28/2016 12:00:00 AM,6,12/28/2016 12:00:00 AM,Transporte - Red urbana,0,,,,
BOCHALEMA,2015004540023,"CONSTRUCCIÓN DE PAVIMENTO RÍGIDO Y REPOSICIÓN DE REDES DE ALCANTARILLADO EN LOS BARRIOS SAN BARTOLOMÉ Y LOS PINOS DEL CASCO URBANO DEL MUNICIPIO DE BOCHALEMA, NORTE DE SANTANDER, CENTRO ORIENTE",Aprobación,2,06/24/2015 12:00:00 AM,2,07/03/2015 12:00:00 AM,Transporte - Red urbana,334932047,MUNICIPIO BOCHALEMA,JEFFERSON GUERRERO,2015-07-15T00:00:00,
BOCHALEMA,2015004540023,"CONSTRUCCIÓN DE PAVIMENTO RÍGIDO Y REPOSICIÓN DE REDES DE ALCANTARILLADO EN LOS BARRIOS SAN BARTOLOMÉ Y LOS PINOS DEL CASCO URBANO DEL MUNICIPIO DE BOCHALEMA, NORTE DE SANTANDER, CENTRO ORIENTE",Ajustes-aumento,7,12/10/2015 12:00:00 AM,7,12/10/2015 12:00:00 AM,Transporte - Red urbana,82606072,,N/A,N/A,
BOCHALEMA,2015004540024,"CONSTRUCCION DE PARQUE Y SUMINISTRO E INSTALACION DE ELEMENTOS BIOSALUDABLES, MUNICIPIO DE BOCHALEMA, NORTE DE SANTANDER",Aprobación,3,07/29/2015 12:00:00 AM,3,08/06/2015 12:00:00 AM,Deporte - Infraestructura deportiva,89767769,MUNICIPIO BOCHALEMA,RICARDO UMBARILA BOLIVAR,2015-08-19T00:00:00,
BOCHALEMA,2015004540024,"CONSTRUCCION DE PARQUE Y SUMINISTRO E INSTALACION DE ELEMENTOS BIOSALUDABLES, MUNICIPIO DE BOCHALEMA, NORTE DE SANTANDER",liberar cupo,7,12/28/2016 12:00:00 AM,6,12/28/2016 12:00:00 AM,Deporte - Infraestructura deportiva,-41495,,,,
BOCHALEMA,2015004540024,"CONSTRUCCION DE PARQUE Y SUMINISTRO E INSTALACION DE ELEMENTOS BIOSALUDABLES, MUNICIPIO DE BOCHALEMA, NORTE DE SANTANDER",cierre,7,12/28/2016 12:00:00 AM,6,12/28/2016 12:00:00 AM,Deporte - Infraestructura deportiva,0,,,,
BOCHALEMA,n/a,"Priorizar los sectores de inversión 1. Cultura, 2. Deporte y Recreación,
3. Educción, 4. Transporte, 5. Vivienda, Ciudad y Territori",Priorizar sectores,6,10/27/2016 12:00:00 AM,5,10/27/2016 12:00:00 AM,,0,,,,
BOCHALEMA,2016004540005,"CONSTRUCCIÓN DE PAVIMENTO ASFÁLTICO Y REPARCHEO DE LA CALLE 1 ENTRE AVENIDAS 2 Y 4 DEL MUNICIPIO DE BOCHALEMA, NORTE DE SANTANDER",Aprobación,7,12/28/2016 12:00:00 AM,6,12/28/2016 12:00:00 AM,Transporte,257999900,MUNICIPIO BOCHALEMA,FREDDY FONTIVEROS,,
BOCHALEMA,2016004540005,"CONSTRUCCIÓN DE PAVIMENTO ASFÁLTICO Y REPARCHEO DE LA CALLE 1 ENTRE AVENIDAS 2 Y 4 DEL MUNICIPIO DE BOCHALEMA, NORTE DE SANTANDER",V.F.E,1,02/03/2017 12:00:00 AM,1,02/07/2017 12:00:00 AM,Transporte,0,,,,
BUCARASICA,2013004540053,"Mejoramiento de las fachadas y parque principal del Municipio de Bucarasica, Norte de Santander",Viabilizado y priorizado,7,12/20/2013 12:00:00 AM,7,12/23/2013 12:00:00 AM,Vivienda y Desarrollo Urbano - Ordenamiento Territorial y desarrollo urbano,425930580,,,,
CACHIRA,2013004540016,"CONSTRUCCION DE CUBIERTA Y CANCHA MULTIFUNCIONAL EN EL CENTRO POBLADO LA CARRERA, MUNICIPIO DE CACHIRA",Aprobación,4,08/05/2013 12:00:00 AM,4,08/05/2013 12:00:00 AM,Deporte - Infraestructura deportiva,215958214,Municipio de CACHIRA,KARINA ALVAREZ,,
CACHIRA,2013004540016,"CONSTRUCCION DE CUBIERTA Y CANCHA MULTIFUNCIONAL EN EL CENTRO POBLADO LA CARRERA, MUNICIPIO DE CACHIRA",Ajustes-liberacion,2,03/13/2014 12:00:00 AM,2,03/13/2014 12:00:00 AM,Deporte - Infraestructura deportiva,-215958214,,N/A,N/A,
CACHIRA,2012004540024,"Dotación DE EQUIPOS PARA EL SERVICIO DE URGENCIAS Y SALA DE PARTOS DE LA IPS HOSPITAL MIGUEL DURAN DURAN DE LA ESE REGIONAL OCCI Cachirá, Norte de Santander, Centro Oriente",Aprobación,2,10/01/2012 12:00:00 AM,1,10/01/2012 12:00:00 AM,"Salud - Dotación, adquisición o reposición de equipos",52000000,Municipio de CACHIRA,JAMES DEAN MENDOZA VARGAS,2013-08-21T00:00:00,
CACHIRA,2012004540024,"Dotación DE EQUIPOS PARA EL SERVICIO DE URGENCIAS Y SALA DE PARTOS DE LA IPS HOSPITAL MIGUEL DURAN DURAN DE LA ESE REGIONAL OCCI Cachirá, Norte de Santander, Centro Oriente",Ajustes-prorroga,4,08/05/2013 12:00:00 AM,4,08/05/2013 12:00:00 AM,"Salud - Dotación, adquisición o reposición de equipos",0,,N/A,N/A,
CACHIRA,2012004540018,"MANTENIMIENTO Y MEJORAMIENTO DE LA PLAZA DE MERCADO DEL MUNICIPIO DE CÁCHIRA, DEPARTAMENTO NORTE DE SANTANDER",Aprobación,6,12/27/2012 12:00:00 AM,5,12/27/2012 12:00:00 AM,Vivienda y Desarrollo Urbano - Ordenamiento Territorial y desarrollo urbano,279104049,Municipio de CACHIRA,FREDDY FONTIVEROS,2013-03-21T00:00:00,
CACHIRA,2012004540018,"MANTENIMIENTO Y MEJORAMIENTO DE LA PLAZA DE MERCADO DEL MUNICIPIO DE CÁCHIRA, DEPARTAMENTO NORTE DE SANTANDER",Ajustes-prorroga,4,08/05/2013 12:00:00 AM,4,08/05/2013 12:00:00 AM,Vivienda y Desarrollo Urbano - Ordenamiento Territorial y desarrollo urbano,0,,N/A,N/A,
CACHIRA,2013004540025,"Adquisición DE EQUIPOS PARA LA DOTACION DE AULAS VIRTUALES EN EL MUNICIPIO DE Cachira, Norte de Santander, Centro Oriente",Aprobación,4,08/05/2013 12:00:00 AM,4,08/05/2013 12:00:00 AM,Educación - Preescolar y Básica y Media,300300000,MUNICIPIO CACHIRA,GLORIA RUTH BELTRAN LOZANO,2014-02-20T00:00:00,
CACHIRA,2013004540048,"Construcción de Cubierta metálica y adecuación escenario deportivo en el centro Poblado La Carrera, Municipio de Cachirá, Norte de Santander",Aprobación,7,12/20/2013 12:00:00 AM,7,12/23/2013 12:00:00 AM,INFRAESTRUCTURA DEPORTIVA,215933410,MUNICIPIO DE CACHIRA,FREDDY FONTIVEROS,2014-02-12T00:00:00,
CACHIRA,2014004540031,"Construcción de parques infantiles en el corregimiento de la carrera, centro poblado rural San José del Llano y centro poblado rural los Mangos del municipio de Cachira, Norte de Santander",Aprobación,8,12/29/2014 12:00:00 AM,8,12/29/2014 12:00:00 AM,Deporte - Infraestructura deportiva,133668215,MUNICIPIO DE CACHIRA,RICARDO UMBARILA BOLIVAR,2015-03-02T00:00:00,
CACHIRA,2014004540031,"Construcción de parques infantiles en el corregimiento de la carrera, centro poblado rural San José del Llano y centro poblado rural los Mangos del municipio de Cachira, Norte de Santander",Ajustes-V.F.E,8,12/29/2014 12:00:00 AM,8,12/29/2014 12:00:00 AM,Deporte - Infraestructura deportiva,0,,N/A,N/A,
CACHIRA,2015004540016,"CONSTRUCCIÓN DE PUENTES PEATONALES METÁLICOS EN LA VEREDA VEGA DE RAMÍREZ Y EN LA VEREDA EL SILENCIO DEL MUNICIPIO DE CACHIRÁ, NORTE DE SANTANDER",Aprobación,2,06/24/2015 12:00:00 AM,2,07/03/2015 12:00:00 AM,Transporte - Red Terciaria,260326304,MUNICIPIO DE CACHIRA,FREDDY FONTIVEROS,2015-07-14T00:00:00,
CACOTA,2013004540026,"Construcción de alcantarillado, acueducto y adecuación del terreno del Proyecto de Vivienda Urbanización Los Sauces Fase I Municipio de Cácota, Norte de Santander",Aprobación,4,08/05/2013 12:00:00 AM,4,08/05/2013 12:00:00 AM,Vivienda y Desarrollo Urbano - Agua potable y saneamiento básico,286023163,municipio CACOTA,GLORIA RUTH BELTRAN LOZANO,2014-02-06T00:00:00,PARCIAL
CACOTA,2015004540004,"CONSTRUCCIÓN DE ESTUFAS REGULADORAS DE HUMO EN ZONA RURAL DEL MUNICIPIO DE CÁCOTA, NORTE DE SANTANDER",Aprobación,2,06/24/2015 12:00:00 AM,2,07/03/2015 12:00:00 AM,Vivienda y Desarrollo Urbano - Vivienda Rural,49782962,municipio CACOTA,FREDDY FONTIVEROS,2015-07-31T00:00:00,
CHINACOTA,2012004540004,"Mejoramiento vías urbanas, Chinácota, Norte de Santander, Centro Oriente",Aprobación,2,10/01/2012 12:00:00 AM,1,10/01/2012 12:00:00 AM,Transporte - Red urbana,389891023,Municipio de CHINACOTA,FREDDY FONTIVEROS,2012-11-22T00:00:00,
CHINACOTA,2013004540017,"Reposición de redes de alcantarillado y pavimentación de vías urbanas en concreto en el Municipio de Chinácota, Norte de Santander",Aprobación,4,08/05/2013 12:00:00 AM,4,08/05/2013 12:00:00 AM,Transporte - Red urbana,695508958,MUNICIPIO CHINACOTA,GLORIA RUTH BELTRAN LOZANO,2013-12-17T00:00:00,
CHINACOTA,2013004540017,"Reposición de redes de alcantarillado y pavimentación de vías urbanas en concreto en el Municipio de Chinácota, Norte de Santander",Aclaracion valores,2,06/24/2015 12:00:00 AM,2,07/03/2015 12:00:00 AM,Transporte - Red urbana,0,MUNICIPIO CHINACOTA,NO APLICA,NO APLICA,
CHINACOTA,2013004540017,"Reposición de redes de alcantarillado y pavimentación de vías urbanas en concreto en el Municipio de Chinácota, Norte de Santander",cierre,6,10/27/2016 12:00:00 AM,5,10/27/2016 12:00:00 AM,Transporte - Red urbana,0,,,,
CHINACOTA,2013004540028,"Adecuación del espacio público del sector del atrio localizado en la calle 4ta entre carreras 3era y 4ta del Municipio de Chinácota, Norte de Santander",Aprobación,4,08/05/2013 12:00:00 AM,4,08/05/2013 12:00:00 AM,Vivienda y Desarrollo Urbano - Ordenamiento territorial y desarrollo urbano,186729479,MUNICIPIO CHINACOTA,GLORIA RUTH BELTRAN LOZANO,2013-10-02T00:00:00,
CHINACOTA,2013004540028,"Adecuación del espacio público del sector del atrio localizado en la calle 4ta entre carreras 3era y 4ta del Municipio de Chinácota, Norte de Santander",Ajustes-aumento,4,08/28/2014 12:00:00 AM,4,08/28/2014 12:00:00 AM,Vivienda y Desarrollo Urbano - Ordenamiento territorial y desarrollo urbano,21757606,,N/A,N/A,
CHINACOTA,2014004540016,"Adecuación parque principal del casco urbano del municipio de Chinacota, Norte de Santander, Centro Oriente",Aprobación,8,12/29/2014 12:00:00 AM,8,12/29/2014 12:00:00 AM,Vivienda y Desarrollo Urbano - Ordenamiento territorial y desarrollo urbano,118076839,MUNICIPIO CHINACOTA,GLORIA RUTH BELTRAN LOZANO,2015-04-15T00:00:00,
CHINACOTA,2014004540016,"Adecuación parque principal del casco urbano del municipio de Chinacota, Norte de Santander, Centro Oriente",Ajustes-V.F.E,8,12/29/2014 12:00:00 AM,8,12/29/2014 12:00:00 AM,Vivienda y Desarrollo Urbano - Ordenamiento territorial y desarrollo urbano,0,,N/A,N/A,
CHINACOTA,2014004540016,"Adecuación parque principal del casco urbano del municipio de Chinacota, Norte de Santander, Centro Oriente",cierre,6,10/27/2016 12:00:00 AM,5,10/27/2016 12:00:00 AM,Vivienda y Desarrollo Urbano - Ordenamiento territorial y desarrollo urbano,0,,,,
CHINACOTA,2014004540014,"Construcción pavimento en concreto rigido de la via urbana carrera 8 entre calles 3 y 4, municipio de chinacota, Norte de Santander, Centro Oriente",Aprobación,8,12/29/2014 12:00:00 AM,8,12/29/2014 12:00:00 AM,Transporte - Red urbana,116253302,MUNICIPIO CHINACOTA,GLORIA RUTH BELTRAN LOZANO,2015-01-29T00:00:00,
CHINACOTA,2014004540014,"Construcción pavimento en concreto rigido de la via urbana carrera 8 entre calles 3 y 4, municipio de chinacota, Norte de Santander, Centro Oriente",Ajustes-V.F.E,8,12/29/2014 12:00:00 AM,8,12/29/2014 12:00:00 AM,Transporte - Red urbana,0,,N/A,N/A,
CHINACOTA,2014004540014,"Construcción pavimento en concreto rigido de la via urbana carrera 8 entre calles 3 y 4, municipio de chinacota, Norte de Santander, Centro Oriente",cierre,6,10/27/2016 12:00:00 AM,5,10/27/2016 12:00:00 AM,Transporte - Red urbana,0,,,,
CHINACOTA,2015004540008,"REHABILITACIÓN DE LA CARRERA 1, MUNICIPIO DE CHINÁCOTA, NORTE DE SANTANDER",Aprobación,2,06/24/2015 12:00:00 AM,2,07/03/2015 12:00:00 AM,Transporte - Red urbana,632216084,MUNICIPIO CHINACOTA,JEFFERSON GUERRERO,2015-07-15T00:00:00,
CHINACOTA,2015004540008,"REHABILITACIÓN DE LA CARRERA 1, MUNICIPIO DE CHINÁCOTA, NORTE DE SANTANDER",Aclaracion valores,2,03/28/2016 12:00:00 AM,2,06/24/2016 12:00:00 AM,Transporte - Red urbana,-365450425,,,,
CHINACOTA,2015004540008,"REHABILITACIÓN DE LA CARRERA 1, MUNICIPIO DE CHINÁCOTA, NORTE DE SANTANDER",Aprobación RECURSOS,3,06/24/2016 12:00:00 AM,3,06/24/2016 12:00:00 AM,Transporte - Red urbana,365450425,,,,
CHINACOTA,2015004540008,"REHABILITACIÓN DE LA CARRERA 1, MUNICIPIO DE CHINÁCOTA, NORTE DE SANTANDER",Ajustes-ejecutor,7,12/28/2016 12:00:00 AM,6,12/28/2016 12:00:00 AM,Transporte - Red urbana,0,,,,
CHINACOTA,2015004540006,"CONSTRUCCIÓN ESTUFAS REGULADORAS DE HUMO SECTOR RURAL, MUNICIPIO DE CHINÁCOTA, NORTE DE SANTANDER",Aprobación,2,06/24/2015 12:00:00 AM,2,07/03/2015 12:00:00 AM,Vivienda y Desarrollo Urbano - Vivienda Rural,318121434,MUNICIPIO CHINACOTA,FREDDY FONTIVEROS,2015-08-12T00:00:00,
CHINACOTA,2015004540006,"CONSTRUCCIÓN ESTUFAS REGULADORAS DE HUMO SECTOR RURAL, MUNICIPIO DE CHINÁCOTA, NORTE DE SANTANDER",Ajustes-aumento y reduccion,3,07/29/2015 12:00:00 AM,3,08/06/2015 12:00:00 AM,Vivienda y Desarrollo Urbano - Vivienda Rural,-114523717,,N/A,N/A,
CHINACOTA,2015004540006,"CONSTRUCCIÓN ESTUFAS REGULADORAS DE HUMO SECTOR RURAL, MUNICIPIO DE CHINÁCOTA, NORTE DE SANTANDER",cierre,6,10/27/2016 12:00:00 AM,5,10/27/2016 12:00:00 AM,Vivienda y Desarrollo Urbano - Vivienda Rural,0,,,,
CHINACOTA,n/a,"Priorizar los sectores de inversión de Agricultura y Desarrollo Rural; Comercio, Industria y Turismo; Salud y Protección Social; Transporte y Vivienda; Ciudad y Territorio",Priorizar sectores,4,07/18/2016 12:00:00 AM,4,07/18/2016 12:00:00 AM,,0,,,,
CHITAGA,2012004540028,"Mejoramiento de la vía terciaria Vereda Cornejo - Municipio de Chitagá, Norte de Santander",Aprobación,4,11/13/2012 12:00:00 AM,3,11/13/2012 12:00:00 AM,Transporte - Vial Red Terciaria,287303486,Municipio de CHITAGA,FREDDY FONTIVEROS,2012-12-13T00:00:00,
CHITAGA,2013004540038,"Mejoramiento y mantenimiento de la plaza de mercado del Muncipio de Chitagá, Norte de Santander",Aprobación,5,10/03/2013 12:00:00 AM,5,10/03/2013 12:00:00 AM,Desarrollo Social - Infraestructura social y comunitaria,351347535,MUNICIPIO CHITAGA,FREDDY FONTIVEROS,2013-11-15T00:00:00,
CHITAGA,2014004540002,"Construcción de pavimento rigido desde la calle 5 entre carrera 1 y 3 casco urbano Chitagá, Norte de Santander",Aprobación,2,03/13/2014 12:00:00 AM,2,03/13/2014 12:00:00 AM,TRANSPORTE RED URBANA,178556460,MUNICIPIO CHITAGA,GLORIA RUTH BELTRAN LOZANO,2015-03-24T00:00:00,
CONVENCION,2012004540023,"CONSTRUCCION SEGUNDA ETAPA CUBIERTA METALICA DEL COLISEO LUCIO PABON NUÑEZ, MUNICIPIO DE CONVENCION, NORTE DE SANTANDER",Aprobación,6,12/27/2012 12:00:00 AM,5,12/27/2012 12:00:00 AM,Deporte - Infraestructura deportiva,440648658,MUNICIPIO CONVENCION,N/A,N/A,FUE LIBERADO
CONVENCION,2012004540023,"CONSTRUCCION SEGUNDA ETAPA CUBIERTA METALICA DEL COLISEO LUCIO PABON NUÑEZ, MUNICIPIO DE CONVENCION, NORTE DE SANTANDER",Ajustes-prorroga,4,08/05/2013 12:00:00 AM,4,08/05/2013 12:00:00 AM,Deporte - Infraestructura deportiva,0,,N/A,N/A,
CONVENCION,2012004540023,"CONSTRUCCION SEGUNDA ETAPA CUBIERTA METALICA DEL COLISEO LUCIO PABON NUÑEZ, MUNICIPIO DE CONVENCION, NORTE DE SANTANDER",Ajustes-liberacion,4,08/28/2014 12:00:00 AM,4,08/28/2014 12:00:00 AM,Deporte - Infraestructura deportiva,-440648658,,N/A,N/A,
EL ZULIA,2012004540029,"Construcción PUENTE PEATONAL, AVENIDA PRIMERA CON CALLE PRIMERA, EL ZULIA, NORTE DE SATANDER, CENTRO ORIENTE",Ajustes-aumento,4,08/28/2014 12:00:00 AM,4,08/28/2014 12:00:00 AM,Transporte - Red urbana,33000000,,N/A,N/A,
CONVENCION,2013004540041,"Mejoramiento de vías urbanas en el casco urbano del Municipio de Convención, Norte de Santander",Aprobación,5,10/03/2013 12:00:00 AM,5,10/03/2013 12:00:00 AM,Transporte - Red urbana,928129054,MUNICIPIO CONVENCION,FREDDY FONTIVEROS,2014-11-14T00:00:00,
CONVENCION,2014004540036,"construcción de cubierta en el coliseo ""Lucio Pabón Nuñez"" del municipio de convención, Norte de Santander",Aprobación,8,12/29/2014 12:00:00 AM,8,12/29/2014 12:00:00 AM,Deporte - Infraestructura deportiva,672702003,MUNICIPIO CONVENCION,FREDDY FONTIVEROS,2015-03-03T00:00:00,
CONVENCION,2014004540036,"construcción de cubierta en el coliseo ""Lucio Pabón Nuñez"" del municipio de convención, Norte de Santander",Ajustes-V.F.E,8,12/29/2014 12:00:00 AM,8,12/29/2014 12:00:00 AM,Deporte - Infraestructura deportiva,0,,N/A,N/A,
CONVENCION,2015004540011,"REPOSICIÓN DE REDES HIDROSANITARIAS Y PAVIMENTO RÍGIDO EN LA CALLE 5TA ENTRE CARRERAS 2 Y 3, CARRERA 4TA ENTE CALLES 4 Y 5 BARRIO PALOREDONDO Y CONSTRUCCIÓN MURO DE CONTENCIÓN BARRIO EL CRISTO CONVENCIÓN, NORTE DE SANTANDER",Aprobación,2,06/24/2015 12:00:00 AM,2,07/03/2015 12:00:00 AM,Vivienda y Desarrollo Urbano - Agua potable y saneamiento básico,432210646,MUNICIPIO CONVENCION,JEFFERSON GUERRERO,2015-07-13T00:00:00,
CONVENCION,n/a,"Priorizar los sectores de inversión 1. Ambiente y Desarrollo Sostenible,
2. Deporte y Recreación, 3. Educación, 4. Transporte, 5. Vivienda, Ciudad y
Territorio",Priorizar sectores,6,10/27/2016 12:00:00 AM,5,10/27/2016 12:00:00 AM,,0,,,,
CUCUTILLA,2012004540031,"Construcción de 40 cocinas reguladoras de humo en las veredas Aguadas, Vereda Román sector Alto del Tigre y Capirá Norte Cucutilla, Norte de Santander, Centro Oriente",Aprobación,5,12/07/2012 12:00:00 AM,4,12/07/2012 12:00:00 AM,Vivienda y Desarrollo Urbano - Vivienda rural,74690632,Municipio de Cucutilla,FREDDY FONTIVEROS,2013-05-27T00:00:00,
CUCUTILLA,2013004540044,"Construcción de 223 cocinas reguladores de humo en diferentes veredas y casco urbano  del Municipio de Cucutilla, Norte de Santander",Aprobación,5,10/03/2013 12:00:00 AM,5,10/03/2013 12:00:00 AM,Vivienda y Desarrollo Urbano - Vivienda rural,397007561,MUNICIPIO CUCUTILLA,GLORIA RUTH BELTRAN LOZANO,2013-12-11T00:00:00,
CUCUTILLA,2013004540056,"Desarrollo de pavimentación de vías urbanas del municipio de Cucutilla, Norte de Santander",Aprobación,7,12/20/2013 12:00:00 AM,7,12/23/2013 12:00:00 AM,TRANSPORTE RED URBANA,208000000,MUNICIPIO CUCUTILLA,GLORIA RUTH BELTRAN LOZANO,2013-12-21T00:00:00,
CUCUTILLA,2014004540033,Construcción de unidades sanitarias con sistema de tratamiento de aguas residuales en el área rural del municipio de Cucutilla Departamento Norte de Santander,Aprobación,8,12/29/2014 12:00:00 AM,8,12/29/2014 12:00:00 AM,Vivienda y Desarrollo Urbano - Agua potable y saneamiento básico,205298244,MUNICIPIO CUCUTILLA,FREDDY FONTIVEROS,2015-03-27T00:00:00,
CUCUTILLA,2014004540033,Construcción de unidades sanitarias con sistema de tratamiento de aguas residuales en el área rural del municipio de Cucutilla Departamento Norte de Santander,Ajustes-V.F.E,8,12/29/2014 12:00:00 AM,8,12/29/2014 12:00:00 AM,Vivienda y Desarrollo Urbano - Agua potable y saneamiento básico,0,,N/A,N/A,
CUCUTILLA,n/a,"Priorizar los sectores de inversión 1. Educación, 2. Minas y Energías, 3.
Salud y Protección Social, 4. Transporte, 5. Vivienda, Ciudad y Territorio",Priorizar sectores,6,10/27/2016 12:00:00 AM,5,10/27/2016 12:00:00 AM,,0,,,,
DURANIA,2012004540005,"Mejoramiento y rehabilitacion  de pavimento asfaltico de la avenida 2 tramo entre el hogar del adulto mayor y la piscina olimpica Municipio de Durania, Norte de Santander",Aprobación,4,11/13/2012 12:00:00 AM,3,11/13/2012 12:00:00 AM,Transporte - Red urbana,196756370,Municipio de DURANIA,ORLANDO JAIMES BARAJAS,2013-10-24T00:00:00,
DURANIA,2013004540007,"Mejoramiento y Rehabilitacion de la avenida segunda desde la  entrada al barrio las escalinatas hasta la calle 8va casco urbano Durania, Norte de Santander, Centro Oriente",Aprobación,3,06/11/2013 12:00:00 AM,3,06/11/2013 12:00:00 AM,Transporte - Red urbana,431343896,MUNICIPIO DURANIA,GLORIA RUTH BELTRAN LOZANO,2013-07-08T00:00:00,
DURANIA,2014004540026,"RECUPERACION PAVIMENTO DE LA VIA BARRIO SAN MARINO DEL MUNICIPIO DE DURANIA, NORTE DE SANTANDER, CENTRO ORIENTE",Aprobación,6,10/30/2014 12:00:00 AM,6,10/30/2014 12:00:00 AM,Transporte - Red urbana,411975160,MUNICIPIO DE DURANIA,CARLOS HUMBERTO ROJAS SANCHEZ,2014-12-18T00:00:00,
DURANIA,2014004540026,"RECUPERACION PAVIMENTO DE LA VIA BARRIO SAN MARINO DEL MUNICIPIO DE DURANIA, NORTE DE SANTANDER, CENTRO ORIENTE",Ajustes-V.F.E,7,12/03/2014 12:00:00 AM,7,12/03/2014 12:00:00 AM,Transporte - Red urbana,0,,N/A,N/A,
DURANIA,2014004540026,"RECUPERACION PAVIMENTO DE LA VIA BARRIO SAN MARINO DEL MUNICIPIO DE DURANIA, NORTE DE SANTANDER, CENTRO ORIENTE",Ajustes-V.F.E,8,12/29/2014 12:00:00 AM,8,12/29/2014 12:00:00 AM,Transporte - Red urbana,0,,N/A,N/A,
DURANIA,2015004540021,"CONSTRUCCIÓN DE PUENTE Y OBRAS DE PROTECCIÓN Y ADECUACIÓN ACCESO A LA URBANIZACIÓN VILLA JULIA DEL MUNICIPIO DURANIA, NORTE DE SANTANDER",Aprobación,2,06/24/2015 12:00:00 AM,2,07/03/2015 12:00:00 AM,Transporte - Red urbana,274593805,MUNICIPIO DE DURANIA,JEFFERSON GUERRERO,2015-08-19T00:00:00,
DURANIA,2015004540021,"CONSTRUCCIÓN DE PUENTE Y OBRAS DE PROTECCIÓN Y ADECUACIÓN ACCESO A LA URBANIZACIÓN VILLA JULIA DEL MUNICIPIO DURANIA, NORTE DE SANTANDER",Ajustes-cambio fuentes y reduccion y aumento,3,07/29/2015 12:00:00 AM,3,08/06/2015 12:00:00 AM,Transporte - Red urbana,0,MUNICIPIO DE DURANIA,NO APLICA,NO APLICA,
EL CARMEN,2012004540001,Construcción de pavimento rígido en las vías urbanas del corregimiento de Guamalito y la cabecera municipal del El Carmen - Norte de Santander,Aprobación,2,10/01/2012 12:00:00 AM,1,10/01/2012 12:00:00 AM,Transporte - Red urbana,449282103,MUNICIPIO DE EL CARMEN,FREDDY FONTIVEROS,2012-10-25T00:00:00,
EL CARMEN,2013004540047,"Mejoramiento de vivienda en la zona urbana y rural del Municipio de El Carmen, Norte de Santander",Aprobación,7,12/20/2013 12:00:00 AM,7,12/23/2013 12:00:00 AM,Vivienda y Desarrollo Urbano - Vivienda urbana                    ,719782578,MUNICIPIO DE EL CARMEN,FREDDY FONTIVEROS,2014-02-20T00:00:00,
EL CARMEN,2014004540022,CONSTRUCCION DE 100 ESTUFAS REGULADORAS DE HUMO EN LA ZONA RURAL DEL MUNICIPIO DE EL CARMEN,Aprobación,6,10/30/2014 12:00:00 AM,6,10/30/2014 12:00:00 AM,Vivienda y Desarrollo Urbano - Vivienda rural ,208650000,MUNICIPIO DE EL CARMEN,FREDDY FONTIVEROS,2015-02-16T00:00:00,
EL CARMEN,2014004540022,CONSTRUCCION DE 100 ESTUFAS REGULADORAS DE HUMO EN LA ZONA RURAL DEL MUNICIPIO DE EL CARMEN,Ajustes-V.F.E,8,12/29/2014 12:00:00 AM,8,12/29/2014 12:00:00 AM,Vivienda y Desarrollo Urbano - Vivienda rural ,0,,N/A,N/A,
EL CARMEN,2014004540021,"Adecuación parque mirador ubicado en la carrera 8 calle 6 esquina centro poblado Guamalito, municipio de el Carmen, Norte de Santander",Aprobación,8,12/29/2014 12:00:00 AM,8,12/29/2014 12:00:00 AM,Vivienda y Desarrollo Urbano - Ordenamiento territorial y desarrollo urbano,96575952,MUNICIPIO DE EL CARMEN,GLORIA RUTH BELTRAN LOZANO,2015-02-16T00:00:00,
EL CARMEN,2014004540021,"Adecuación parque mirador ubicado en la carrera 8 calle 6 esquina centro poblado Guamalito, municipio de el Carmen, Norte de Santander",Ajustes-V.F.E,8,12/29/2014 12:00:00 AM,8,12/29/2014 12:00:00 AM,Vivienda y Desarrollo Urbano - Ordenamiento territorial y desarrollo urbano,0,,N/A,N/A,
EL CARMEN,2014004540020,"Construcción sendero peatonal, sector el carretero, cabecera municipal el Carmen, Norte de Santander",Aprobación,8,12/29/2014 12:00:00 AM,8,12/29/2014 12:00:00 AM,Vivienda y Desarrollo Urbano - Ordenamiento territorial y desarrollo urbano,165958455,MUNICIPIO DE EL CARMEN,FREDDY FONTIVEROS,2015-02-24T00:00:00,
EL CARMEN,2014004540020,"Construcción sendero peatonal, sector el carretero, cabecera municipal el Carmen, Norte de Santander",Ajustes-V.F.E,8,12/29/2014 12:00:00 AM,8,12/29/2014 12:00:00 AM,Vivienda y Desarrollo Urbano - Ordenamiento territorial y desarrollo urbano,0,,N/A,N/A,
EL TARRA,2012004540002,"Reparación malla vial en mal estado en huella concreto rigido Centro Oriente, Norte de Santander, El Tarra",Aprobación,2,10/01/2012 12:00:00 AM,1,10/01/2012 12:00:00 AM,Transporte - Vial Red Terciaria,333124313,Municipio de EL TARRA,FREDDY FONTIVEROS,2013-03-05T00:00:00,
EL TARRA,2014004540007,"CONSTRUCCIÓN DE COMEDORES ESCOLARES UBICADOS EN  EL CORREGIMIENTO BELLA VISTA Y EN LAS VEREDAS LA MOTILANDIA, KM 77 Y KM 84 EN EL MUNICIPIO DE EL TARRA, NORTE DE SANTANDER",Aprobación,5,09/15/2014 12:00:00 AM,5,09/15/2014 12:00:00 AM,"EDUCACION - PREESCOLAR, BASICA Y MEDIA",318986198,MUNICIPIO EL TARRA,GLORIA RUTH BELTRAN LOZANO,2014-10-10T00:00:00,
EL TARRA,2014004540007,"CONSTRUCCIÓN DE COMEDORES ESCOLARES UBICADOS EN  EL CORREGIMIENTO BELLA VISTA Y EN LAS VEREDAS LA MOTILANDIA, KM 77 Y KM 84 EN EL MUNICIPIO DE EL TARRA, NORTE DE SANTANDER",Ajustes-V.F.E,7,12/03/2014 12:00:00 AM,7,12/03/2014 12:00:00 AM,"EDUCACION - PREESCOLAR, BASICA Y MEDIA",0,,N/A,N/A,
EL TARRA,2014004540007,"CONSTRUCCIÓN DE COMEDORES ESCOLARES UBICADOS EN  EL CORREGIMIENTO BELLA VISTA Y EN LAS VEREDAS LA MOTILANDIA, KM 77 Y KM 84 EN EL MUNICIPIO DE EL TARRA, NORTE DE SANTANDER",Ajustes-V.F.E,8,12/29/2014 12:00:00 AM,8,12/29/2014 12:00:00 AM,"EDUCACION - PREESCOLAR, BASICA Y MEDIA",0,,N/A,N/A,
EL TARRA,2014004540010,"Remodelación Plaza Central José de Dios ""Chepe"" Díaz del Municipio de El Tarra, Norte de Santander",Aprobación,5,09/15/2014 12:00:00 AM,5,09/15/2014 12:00:00 AM,Vivienda y Desarrollo Urbano - Ordenamiento territorial y desarrollo urbano,580016394,MUNICIPIO EL TARRA,FREDDY FONTIVEROS,2014-11-12T00:00:00,
EL TARRA,2014004540010,"Remodelación Plaza Central José de Dios ""Chepe"" Díaz del Municipio de El Tarra, Norte de Santander",Ajustes-V.F.E,7,12/03/2014 12:00:00 AM,7,12/03/2014 12:00:00 AM,Vivienda y Desarrollo Urbano - Ordenamiento territorial y desarrollo urbano,0,,N/A,N/A,
EL TARRA,2014004540010,"Remodelación Plaza Central José de Dios ""Chepe"" Díaz del Municipio de El Tarra, Norte de Santander",Ajustes-V.F.E,8,12/29/2014 12:00:00 AM,8,12/29/2014 12:00:00 AM,Vivienda y Desarrollo Urbano - Ordenamiento territorial y desarrollo urbano,0,,N/A,N/A,
EL TARRA,2015004540020,"MEJORAMIENTO DE VÍA EN PAVIMENTO RÍGIDO DEL MUNICIPIO DE EL TARRA, NORTE DE SANTANDER, CENTRO ORIENTE",Aprobación,2,06/24/2015 12:00:00 AM,2,07/03/2015 12:00:00 AM,Transporte - Red urbana,340000000,MUNICIPIO EL TARRA,CARLOS HUMBERTO ROJAS SANCHEZ,,se podria sacar con fecha 30 sept ing betty secretaria tecnica
EL ZULIA,2012004540014,"Construcción pavimento rígido, barrios juan pablo II, la milagrosa y santander en el municipio del zulia",Aprobación,3,10/22/2012 12:00:00 AM,2,10/22/2012 12:00:00 AM,Transporte - Red urbana,506996891,Municipio de EL ZULIA,GLORIA RUTH BELTRAN LOZANO,2013-02-07T00:00:00,
EL ZULIA,2012004540014,"Construcción pavimento rígido, barrios juan pablo II, la milagrosa y santander en el municipio del zulia",Ajustes-reembolso,4,08/28/2014 12:00:00 AM,,,Transporte - Red urbana,-5591501,,N/A,N/A,
EL ZULIA,2012004540029,"Construcción PUENTE PEATONAL, AVENIDA PRIMERA CON CALLE PRIMERA, EL ZULIA, NORTE DE SATANDER, CENTRO ORIENTE",Aprobación,5,12/07/2012 12:00:00 AM,4,12/07/2012 12:00:00 AM,Transporte - Red urbana,487162957,Municipio de El Zulia,FREDDY FONTIVEROS,2013-05-27T00:00:00,
EL ZULIA,2014004540006,"Construcción DE VIVIENDA DE INTERES SOCIAL VIVIENDA URBANA PARA LA POBLACION VULNERABLE, MUNICIPO EL ZULIA, NORTE DE SANTANDER, CENTRO ORIENTE",Aprobación,2,03/13/2014 12:00:00 AM,2,03/13/2014 12:00:00 AM,Vivienda y Desarrollo Urbano - Vivienda urbana,1704366230,MUNICIPIO EL ZULIA,GLORIA RUTH BELTRAN LOZANO,1899-12-31T00:00:00,
EL ZULIA,2014004540019,"Prevención DE DESASTRES MEDIANTE LA CONSTRUCCION DE UN MURO DE PROTECCION, GAVIONES Y REMOCION DE TIERRAS QUEBRADA LA ALEJANDRA,  EL ZULIA, NORTE DESANTANDER, CENTRO ORIENTE",Aprobación,6,10/30/2014 12:00:00 AM,6,10/30/2014 12:00:00 AM,Medio Ambiente y Riesgo  - Atención de desastres,120000000,MUNICIPIO DE EL ZULIA,GLORIA RUTH BELTRAN LOZANO,1899-12-31T00:00:00,
EL ZULIA,2014004540019,"Prevención DE DESASTRES MEDIANTE LA CONSTRUCCION DE UN MURO DE PROTECCION, GAVIONES Y REMOCION DE TIERRAS QUEBRADA LA ALEJANDRA,  EL ZULIA, NORTE DESANTANDER, CENTRO ORIENTE",Ajustes-V.F.E,6,10/30/2014 12:00:00 AM,6,10/30/2014 12:00:00 AM,Medio Ambiente y Riesgo  - Atención de desastres,0,,N/A,N/A,
EL ZULIA,2014004540025,"Construcción de puente colgante peatonal en la vereda rancho grande municipio el zulia. Norte de Santander, Centro Oriente.",Aprobación,6,10/30/2014 12:00:00 AM,6,10/30/2014 12:00:00 AM,Transporte - Vial Red Terciaria,168848088,MUNICIPIO DE EL ZULIA,FREDDY FONTIVEROS,2015-02-05T00:00:00,error de codigo en el certificado 
EL ZULIA,2014004540025,construcción puente colgante peatonal en la vereda rancho grande municipio el zulia,Ajustes-V.F.E,6,10/30/2014 12:00:00 AM,6,10/30/2014 12:00:00 AM,Transporte - Vial Red Terciaria,0,,N/A,N/A,
EL ZULIA,2014004540029,"Construcción pavimento rigido barrio Colinas municipio de el Zulia, Norte de Santander",Aprobación,8,12/29/2014 12:00:00 AM,8,12/29/2014 12:00:00 AM,Transporte - Red urbana,328719975,MUNICIPIO DE EL ZULIA,CARLOS ROJAS,,
EL ZULIA,2014004540029,"Construcción pavimento rigido barrio Colinas municipio de el Zulia, Norte de Santander",Ajustes-V.F.E,8,12/29/2014 12:00:00 AM,8,12/29/2014 12:00:00 AM,Transporte - Red urbana,0,,N/A,N/A,
EL ZULIA,2015004540030,"CONSTRUCCION DE OBRAS DE PAVIMENTACION EN CONCRETO RIGIDO EN DIFERENTES SECTORES DEL CASCO URBANO DEL MUNICIPIO DE EL ZULIA, DEPARTAMENTO NORTE DE SANTANDER",Aprobación,3,07/29/2015 12:00:00 AM,3,08/06/2015 12:00:00 AM,Transporte - Red urbana,382125250,MUNICIPIO DE EL ZULIA,N/A,N/A,se desadhirió antes de cumplir requisitos
EL ZULIA,2015004540028,"ACTUALIZACION DEL PLAN DE GESTION INTEGRAL DE RESIDUOS SOLIDOS DEL MUNICIPIO DE EL ZULIA, NORTE DE SANTANDER",Aprobación,3,07/29/2015 12:00:00 AM,3,08/06/2015 12:00:00 AM,Vivienda y Desarrollo Urbano - Agua potable y saneamiento básico,50000000,MUNICIPIO DE EL ZULIA,N/A,N/A,se desadhirió antes de cumplir requisitos
GRAMALOTE,2012004540017,"ADECUACION ESCENARIO DEPORTIVO Y CULTURAL DEL INSTITUTO TECNICO AGRICOLA DE LA VEREDA MIRAFLORES MUNICIPIO DE GRAMALOTE, NORTE DE SANTANDER",Aprobación,6,12/27/2012 12:00:00 AM,5,12/27/2012 12:00:00 AM,Deporte - Infraestructura deportiva,244900000,Municipio de Gramalote,FREDDY FONTIVEROS,2013-01-17T00:00:00,
GRAMALOTE,2012004540017,"ADECUACION ESCENARIO DEPORTIVO Y CULTURAL DEL INSTITUTO TECNICO AGRICOLA DE LA VEREDA MIRAFLORES MUNICIPIO DE GRAMALOTE, NORTE DE SANTANDER",Ajustes-aumento,2,03/13/2014 12:00:00 AM,2,03/13/2014 12:00:00 AM,Deporte - Infraestructura deportiva,59175343,,N/A,N/A,
GRAMALOTE,2014004540001,"Construcción de unidad sanitaria, pozo séptico y muro de contención y mejoramiento del restaurante del Centor Educativo Rural San Isidro Sede Principal Vereda San Isidro, Municipio de Gramalote, Norte de Santander",Aprobación,2,03/13/2014 12:00:00 AM,2,03/13/2014 12:00:00 AM,Educación - Preescolar y Básica y Media,220759720,MUNICIPIO GRAMALOTE,FREDDY FONTIVEROS,2014-04-09T00:00:00,
GRAMALOTE,2015004540015,"ADECUACIÓN Y MANTENIMIENTO DE LAS COCINAS EN ESCUELAS VEREDALES DEL MUNICIPIO DE GRAMALOTE, NORTE DE SANTANDER",Aprobación,2,06/24/2015 12:00:00 AM,2,07/03/2015 12:00:00 AM,Educación - Preescolar y Básica y Media,272640619,MUNICIPIO GRAMALOTE,FREDDY FONTIVEROS,2015-07-31T00:00:00,
GRAMALOTE,2015004540036,"ADECUACION Y MANTENIMIENTO DE LAS INSTALACIONES DEL CENTRO EDUCATIVO RURAL EL ZUMBADOR MUNICIPIO DE GRAMALOTE, NORTE DE SANTANDER",Aprobación,3,07/29/2015 12:00:00 AM,3,08/06/2015 12:00:00 AM,Educación - Preescolar y Básica y Media,189681674,MUNICIPIO GRAMALOTE,JEFFERSON GUERRERO,2015-08-22T00:00:00,
GRAMALOTE,n/a,"Priorizar los sectores de inversión 1. Transporte, 2. Agricultura y
Desarrollo Rural, 3. Ambiente y Desarrollo Sostenible, 4. Educación, 5. Deporte y
Recreación",Priorizar sectores,6,10/27/2016 12:00:00 AM,5,10/27/2016 12:00:00 AM,,0,,,,
HACARI,2012004540006,"Construcción Obras de pavimentación del barrio principal La Parrilla en el municipio de Hacarí, Norte de Santander, Centro Oriente",Aprobación,3,10/22/2012 12:00:00 AM,2,10/22/2012 12:00:00 AM,Transporte - Red urbana,320635962,Municipio de HACARI,FREDDY FONTIVEROS,2012-11-06T00:00:00,
HACARI,2013004540023,"Construcción obras de pavimentación en el Centro Poblado del Corregimiento San José del Tarra, Municipio de Hacarí, Norte de Santander",Aprobación,4,08/05/2013 12:00:00 AM,4,08/05/2013 12:00:00 AM,Transporte - Red urbana,390047239,MUNICIPIO HACARI,GLORIA RUTH BELTRAN LOZANO,2013-12-12T00:00:00,PARCIAL
HACARI,2013004540036,"Construcción de obras de pavimentación en el centro poblado del Corregimiento de las Juntas en el Municipio de Hacarí, Norte de Santander",Aprobación,5,10/03/2013 12:00:00 AM,5,10/03/2013 12:00:00 AM,Transporte - Vial Red Terciaria,312128376,MUNICIPIO HACARI,FREDDY FONTIVEROS,2013-10-17T00:00:00,
HACARI,2015004540034,"CONSTRUCCION OBRAS DE PAVIMENTACION EN LA CALLE PRINCIPAL DEL BARRIO 7 DE AGOSTO, MUNICIPIO DE HACARI, DEPARTAMENTO NORTE DE SANTANDER",Aprobación,3,07/29/2015 12:00:00 AM,3,08/06/2015 12:00:00 AM,Transporte - Red urbana,172909856,MUNICIPIO HACARI,JEFFERSON GUERRERO,2015-08-18T00:00:00,
HACARI,2015004540032,"REHABILITACION DE LA VIA DE ACCESO URBANIZACION VILLA DE LOS PEREZ EN EL MUNICIPIO DE HACARI, NORTE DE SANTANDER,CENTRO ORIENTE",Aprobación,3,07/29/2015 12:00:00 AM,3,08/06/2015 12:00:00 AM,Transporte - Red urbana,345459000,MUNICIPIO HACARI,RICARDO UMBARILA BOLIVAR,2015-10-28T00:00:00,
HACARI,n/a,"Priorizar los sectores de inversión 1. Agricultura y Desarrollo Rural, 2.
Educación, 3. Salud y Protección Social, 4. Transporte, 5. Vivienda, Ciudad y
Territorio",Priorizar sectores,6,10/27/2016 12:00:00 AM,5,10/27/2016 12:00:00 AM,,0,,,,
HERRAN,2014004540024,"Construcción casa de la cultura municipio de Herrán, Norte de Santander, Centro Oriente",Aprobación,6,10/30/2014 12:00:00 AM,6,10/30/2014 12:00:00 AM,Cultura - Formación artística y creación cultural,382013482,MUNICIPIO DE HERRAN,FREDDY FONTIVEROS,2014-11-13T00:00:00,
HERRAN,2014004540024,"Construcción casa de la cultura municipio de Herrán, Norte de Santander, Centro Oriente",Ajustes-V.F.E,6,10/30/2014 12:00:00 AM,6,10/30/2014 12:00:00 AM,Cultura - Formación artística y creación cultural,0,,N/A,N/A,
HERRAN,2014004540024,"Construcción casa de la cultura municipio de Herrán, Norte de Santander, Centro Oriente",cierre,3,06/24/2016 12:00:00 AM,3,06/24/2016 12:00:00 AM,Cultura - Formación artística y creación cultural,0,,,,
HERRAN,2014004540024,"Construcción casa de la cultura municipio de Herrán, Norte de Santander, Centro Oriente",reembolso,3,06/24/2016 12:00:00 AM,3,06/24/2016 12:00:00 AM,Cultura - Formación artística y creación cultural,-9216200,,,,
HERRAN,2014004540024,"Liberar el valor de $9.216.200, correspondiente al proyecto CONSTRUCCIÓN CASA DE LA CULTURA, MUNICIPIO DE HERRAN, NORTE DE SANTANDER, de Código BRIN: BPIN 2014004540024, aprobado mediante Acuerdo 006 del 30 de octubre de 2014, por el OCAD Norte de Santander. ",Aclaracion Acuerdos anteriores,4,07/18/2016 12:00:00 AM,4,07/18/2016 12:00:00 AM,Cultura - Formación artística y creación cultural,,,,,
HERRAN,2014004540024,"Cerrar el proyecto CONSTRUCCIÓN CASA DE LA CULTURA, MUNICIPIO DE HERRAN, NORTE DE SANTANDER - BPIN 2014004540024, aprobado mediante Acuerdo 006 del 30 de octubre de 2014, por el OCAD Norte de Santander. ",Aclaracion Acuerdos anteriores,4,07/18/2016 12:00:00 AM,4,07/18/2016 12:00:00 AM,Cultura - Formación artística y creación cultural,,,,,
HERRAN,n/a,"Priorizar los sectores de inversión 1. Agricultura y Desarrollo Rural, 2.
Educación, 3. Salud y Protección Social, 4. Transporte, 5. Vivienda, Ciudad y
Territorio,",Priorizar sectores,6,10/27/2016 12:00:00 AM,5,10/27/2016 12:00:00 AM,n/a,0,,,,
LA ESPERANZA,2012004540030,AMPLIACION CURVAS VIA LA UNION - PUEBLO NUEVO DEL MUNICIPIO LA ESPERANZA - NORTE DE SANTANDER,Aprobación,5,12/07/2012 12:00:00 AM,4,12/07/2012 12:00:00 AM,Transporte - Vial Red Terciaria,163100000,Municipio de La Esperanza,GLORIA RUTH BELTRAN LOZANO,2013-03-14T00:00:00,PARCIAL
LA ESPERANZA,2013004540005,"Construcción de pavimento calle 10 entre Carreras 5 - 12 y además la Carrera 12 del barrio San Roque del municipio La Esperanza, Norte de Santander, Centro Oriente",Aprobación,3,06/11/2013 12:00:00 AM,3,06/11/2013 12:00:00 AM,Transporte - Red urbana,358000000,MUNICIPIO LA ESPERANZA,GLORIA RUTH BELTRAN LOZANO,2013-11-14T00:00:00,
LA ESPERANZA,2013004540034,"Construcción PAVIMENTO CARRERA 2 ENTRE CALLE   4 E INICIO FRENTE AL COLEGIO COLCONSANGER Y CARRERA 1 ENTRE CALLE 2-3 EN PUEBLO NUEVO La Esperanza, Norte de Santander",Aprobación,6,11/18/2013 12:00:00 AM,6,11/18/2013 12:00:00 AM,Transporte - Vial Red Terciaria,338318977,MUNICIPIO LA ESPERANZA,GLORIA RUTH BELTRAN LOZANO,2013-11-18T00:00:00,
LA ESPERANZA,2013000050067,"APOYO A LA COFINANCIACION A LOS PROYECTOS DE CONSTRUCCION DE VIVIENDA NUEVA RURAL EN EL DEPARTAMENTO PAMPLONA, NORTE DE SANTANDER, CENTRO ORIENTE",Aprobación,1,01/08/2014 12:00:00 AM,1,01/08/2014 12:00:00 AM,Vivienda y Desarrollo Urbano - Vivienda rural ,316561500,BANCO AGRARIO,NO APLICA,no aplica,
LA ESPERANZA,2013000050067,"APOYO A LA COFINANCIACION A LOS PROYECTOS DE CONSTRUCCION DE VIVIENDA NUEVA RURAL EN EL DEPARTAMENTO PAMPLONA, NORTE DE SANTANDER, CENTRO ORIENTE",Ajustes-aumento,3,07/29/2015 12:00:00 AM,3,08/06/2015 12:00:00 AM,Vivienda y Desarrollo Urbano - Vivienda rural ,14988744900,BANCO AGRARIO,N/A,N/A,
LA ESPERANZA,2014004540012,"Construcción de pavimento rigido en las Avenidas 6,7,8,9,10,11,entre Calles 7y8, L=246.00 ml; y bordillos de la Calle 7, L=351.00 ml del barrio La feria II, casco urbano del municipio La Esperanza, Norte de Santander",Aprobación,4,08/28/2014 12:00:00 AM,4,08/28/2014 12:00:00 AM,Transporte - Red urbana,304002728,MUNICIPIO LA ESPERANZA,FREDDY FONTIVEROS,2014-08-21T00:00:00,
LA ESPERANZA,2015004540026,"CONSTRUCCION PUENTE VEHICULAR ACCESO AL BARRIO LA FERIA II, MUNICIPIO DE LA ESPERANZA, NORTE DE SANTANDER",Aprobación,3,07/29/2015 12:00:00 AM,3,08/06/2015 12:00:00 AM,Transporte - Red urbana,349933524,MUNICIPIO LA ESPERANZA,JEFFERSON GUERRERO,2015-08-19T00:00:00,
LA PLAYA,2012004540010,"Mejoramiento de zonas peatonales para el casco urbano del municipio de La Playa, Norte de Santander",Aprobación,2,10/01/2012 12:00:00 AM,1,10/01/2012 12:00:00 AM,Vivienda y Desarrollo Urbano - Ordenamiento territorial y desarrollo urbano,260721460,Municipio de LA PLAYA,JAMES DEAN MENDOZA VARGAS,2013-09-21T00:00:00,
LA PLAYA,2013004540020,"Mejoramiento de zonas peatonales del casco urbano del Municipio de La Playa, Norte de Santander",Aprobación,4,08/05/2013 12:00:00 AM,4,08/05/2013 12:00:00 AM,Vivienda y Desarrollo Urbano - Ordenamiento territorial y desarrollo urbano,131366741,MUNICIPIO LA PLAYA,FREDDY FONTIVEROS,2013-12-02T00:00:00,
LA PLAYA,2013004540021,"Construcción de obras de remodelación del Parque Principal del Centro Poblado La Vega de San Antonio en el Municipio de La Playa de Belén, Norte de Santander",Aprobación,4,08/05/2013 12:00:00 AM,4,08/05/2013 12:00:00 AM,Vivienda y Desarrollo Urbano - Ordenamiento territorial y desarrollo urbano,435760028,MUNICIPIO LA PLAYA,FREDDY FONTIVEROS,2013-12-30T00:00:00,
LA PLAYA,2014004540028,"Mejoramiento zonas peatonales del casco urbano del municipio etapa III La Playa, Norte de Santander, Centro Oriente",Aprobación,8,12/29/2014 12:00:00 AM,8,12/29/2014 12:00:00 AM,Vivienda y Desarrollo Urbano - Ordenamiento territorial y desarrollo urbano,141781692,MUNICIPIO LA PLAYA,GLORIA RUTH BELTRAN LOZANO,2015-01-28T00:00:00,
LA PLAYA,2015004540001,"CONSTRUCCIÓN OBRAS DE PAVIMENTACIÓN Y ZONAS PEATONALES DE LA CALLE 25 DE NOVIEMBRE EN EL CENTRO POBLADO DEL CORREGIMIENTO DE ASPASICA LA PLAYA, NORTE DE SANTANDER, CENTRO ORIENTE",Aprobación,2,06/24/2015 12:00:00 AM,2,07/03/2015 12:00:00 AM,Transporte - Red urbana,240282531,MUNICIPIO LA PLAYA,JEFFERSON GUERRERO,2015-08-18T00:00:00,
LA PLAYA,2015004540033,"CONSTRUCCION OBRAS DE PAVIMENTACION DE LA CALLE KE-1517 DE LA URBANIZACION VILLAS DEL TEJAR LA PLAYA, NORTE DE SANTANDER, CENTRO ORIENTE",Aprobación,3,07/29/2015 12:00:00 AM,3,08/06/2015 12:00:00 AM,Transporte - Red urbana,58810360,MUNICIPIO LA PLAYA,JEFFERSON GUERRERO,2015-08-19T00:00:00,
LABATECA,2013000050067,"APOYO A LA COFINANCIACION A LOS PROYECTOS DE CONSTRUCCION DE VIVIENDA NUEVA RURAL EN EL DEPARTAMENTO PAMPLONA, NORTE DE SANTANDER, CENTRO ORIENTE",Aprobación,1,01/08/2014 12:00:00 AM,1,01/08/2014 12:00:00 AM,Vivienda y Desarrollo Urbano - Vivienda rural ,212220000,BANCO AGRARIO,NO APLICA,no aplica,
LABATECA,2013000050067,"APOYO A LA COFINANCIACION A LOS PROYECTOS DE CONSTRUCCION DE VIVIENDA NUEVA RURAL EN EL DEPARTAMENTO PAMPLONA, NORTE DE SANTANDER, CENTRO ORIENTE",Ajustes-reduccion,3,07/29/2015 12:00:00 AM,3,08/06/2015 12:00:00 AM,Vivienda y Desarrollo Urbano - Vivienda rural ,-28296000,BANCO AGRARIO,NO APLICA,no aplica,
LABATECA,2014004540032,"Construcción estufas reguladoras de humo zona rural, municipio de Labateca, Norte de Santander",Aprobación,8,12/29/2014 12:00:00 AM,8,12/29/2014 12:00:00 AM,Vivienda y Desarrollo Urbano - Vivienda rural ,407845452,MUNICIPIO de LABATECA,FREDDY FONTIVEROS,2015-04-13T00:00:00,
LABATECA,2014004540032,"Construcción estufas reguladoras de humo zona rural, municipio de Labateca, Norte de Santander",cierre,3,06/24/2016 12:00:00 AM,3,06/24/2016 12:00:00 AM,Vivienda y Desarrollo Urbano - Vivienda rural ,0,,,,
LABATECA,2014004540032,"Construcción estufas reguladoras de humo zona rural, municipio de Labateca, Norte de Santander",reembolso,3,06/24/2016 12:00:00 AM,3,06/24/2016 12:00:00 AM,Vivienda y Desarrollo Urbano - Vivienda rural ,-14248067,,,,
LABATECA,n/a,"Priorizar los sectores de inversión 1. Agricultura y Desarrollo Rural, 2.
Cultura, 3. Deporte y Recreación, 4. Educación, 5. Transporte",Priorizar sectores,6,10/27/2016 12:00:00 AM,5,10/27/2016 12:00:00 AM,,0,,,,
LABATECA,2016004540008,"CONSTRUCCIÓN DE LA PAVIMENTACIÓN EN CONCRETO RÍGIDO DE LA CALLE 3 ENTRE CARRERAS 4 Y 5, CARRERA 1 ENTRE CALLES 1 Y 2, CALLE 2 ENTRE ENTRE CARRERAS 1 Y 2, DEL CASCO URBANO DEL MUNICIPIO DE LABATECA, NORTE DE SANTANDER",Aprobación,7,12/28/2016 12:00:00 AM,6,12/28/2016 12:00:00 AM,Transporte,358669089,MUNICIPIO de LABATECA,JOHANA ARB,2017-03-09T00:00:00,
LABATECA,2016004540008,"CONSTRUCCIÓN DE LA PAVIMENTACIÓN EN CONCRETO RÍGIDO DE LA CALLE 3 ENTRE CARRERAS 4 Y 5, CARRERA 1 ENTRE CALLES 1 Y 2, CALLE 2 ENTRE ENTRE CARRERAS 1 Y 2, DEL CASCO URBANO DEL MUNICIPIO DE LABATECA, NORTE DE SANTANDER",V.F.E,1,02/03/2017 12:00:00 AM,1,02/07/2017 12:00:00 AM,Transporte,0,,,,
LOS PATIOS,2012004540009,"Construcción Centro administrativo Municipal II etapa, Los Patios, Norte de Santander, Centro Oriente",Aprobación,3,10/22/2012 12:00:00 AM,2,10/22/2012 12:00:00 AM,Vivienda y Desarrollo Urbano - Ordenamiento territorial y desarrollo urbano,1204604011,Municipio de LOS PATIOS,ORLANDO JAIMES BARAJAS,2013-10-08T00:00:00,
LOS PATIOS,2013004540027,"Mejoramiento de las vias urbanas fase II del Municipio de Los Patios, Norte de Santander",Aprobación,4,08/05/2013 12:00:00 AM,4,08/05/2013 12:00:00 AM,Transporte - Red urbana,2040263768,MUNICIPIO LOS PATIOS,GLORIA RUTH BELTRAN LOZANO,2013-12-14T00:00:00,
LOURDES,2013004540003,"Rehabilitación de las vías urbanas del municipio de Lourdes, Norte de Santander",Aprobación,1,03/21/2013 12:00:00 AM,1,03/22/2013 12:00:00 AM,Transporte - Red urbana,103508621,MUNICIPIO de Lourdes,FREDDY FONTIVEROS,2013-03-21T00:00:00,
LOURDES,2014004540018,"Construcción pavimento rígido en el barrio Raymundo Ordoñez Yañez y Centenario del municipio de Lourdes, Norte de Santander",Aprobación,6,10/30/2014 12:00:00 AM,6,10/30/2014 12:00:00 AM,Transporte - Red urbana,280308039,MUNICIPIO DE LOURDES,GLORIA RUTH BELTRAN LOZANO,2014-11-19T00:00:00,
LOURDES,2014004540018,"Construcción pavimento rígido en el barrio Raymundo Ordoñez Yañez y Centenario del municipio de Lourdes, Norte de Santander",Ajustes-V.F.E,7,12/03/2014 12:00:00 AM,7,12/03/2014 12:00:00 AM,Transporte - Red urbana,0,,N/A,N/A,
LOURDES,2014004540018,"Construcción pavimento rígido en el barrio Raymundo Ordoñez Yañez y Centenario del municipio de Lourdes, Norte de Santander",Ajustes-V.F.E,8,12/29/2014 12:00:00 AM,8,12/29/2014 12:00:00 AM,Transporte - Red urbana,0,,N/A,N/A,
LOURDES,2015004540025,"REHABILITACION PAVIMENTO RIGIDO EN EL BARRIO EL ROCIO, MUNICIPIO DE LOURDES, NORTE DE SANTANDER",Aprobación,3,07/29/2015 12:00:00 AM,3,08/06/2015 12:00:00 AM,Transporte - Red urbana,117874622,MUNICIPIO DE LOURDES,JEFFERSON GUERRERO,2015-08-18T00:00:00,cambiar hoja 1
LOURDES,n/a,"Priorizar los sectores de inversión 1. Agricultura y Desarrollo Rural, 2.
Ambiente y Desarrollo Sostenible, 3. Educación, 4. Transporte, 5. Vivienda, Ciudad
y Territorio",Priorizar sectores,6,10/27/2016 12:00:00 AM,5,10/27/2016 12:00:00 AM,,0,,,,
MUTISCUA,2012004540025,CONSTRUCCION PAVIMENTO ARTICULADO CARRERA SEGUNDA ENTRE CALLES 7 Y 8 DEL MUNICIPIO DE MUTISCUA,Aprobación,5,12/07/2012 12:00:00 AM,4,12/07/2012 12:00:00 AM,Transporte - Red urbana,116273129,Municipio de Mutiscua,ORLANDO JAIMES BARAJAS,2013-11-14T00:00:00,
MUTISCUA,2013004540019,"Rehabilitación redes de acueducto y alcantarillado, pavimento rígido, andenes  de la calle 9 entre Cra 2 y 3 y Cra 3 entre cll 8 y 9 Mutiscua, Norte de Santander",Aprobación,4,08/05/2013 12:00:00 AM,4,08/05/2013 12:00:00 AM,Transporte - Red urbana,249929176,MUNICIPIO MUTISCUA,ORLANDO JAIMES BARAJAS,2014-01-22T00:00:00,
MUTISCUA,2015004540029,"CONSTRUCCION PAVIMENTO ARTICULADO EN LA CALLE 8 ENTRE CARRERAS 3 Y 4 DEL MUNICIPIO DE MUTISCUA, NORTE DE SANTANDER",Aprobación,3,07/29/2015 12:00:00 AM,3,08/06/2015 12:00:00 AM,Transporte - Red urbana,196204126,MUNICIPIO MUTISCUA,RICARDO UMBARILA BOLIVAR,2015-08-19T00:00:00,
MUTISCUA,n/a,"Priorizar los sectores de inversión 1. Agricultura y Desarrollo Rural, 2.
Ciencia, Tecnología e Innovación, 3. Cultura, 4. Transporte, 5. Vivienda, Ciudad y
Territorio",Priorizar sectores,6,10/27/2016 12:00:00 AM,5,10/27/2016 12:00:00 AM,,0,,,,
OCAÑA,2012004540007,"REHABILITACION Y REPARCHEO DE LAS VIAS URBANAS POR DONDE TRANSITA EL SERVICIO PUBLICO DE PASAJEROS DEL MUNICIPIO DE OCANA, NORTE DE SANTANDER",Aprobación,3,10/22/2012 12:00:00 AM,2,10/22/2012 12:00:00 AM,Transporte - Red urbana,1200000000,Municipio de OCAÑA,FREDDY FONTIVEROS,2013-07-30T00:00:00,
OCAÑA,2013004540009,"Construcción Puente Intercambiador Llanadas - Paralela al Río Chiquito Ocaña, Norte de Santander, Centro Oriente",Aprobación,4,08/05/2013 12:00:00 AM,4,08/05/2013 12:00:00 AM,Transporte - Vial Red Terciaria,567311096,MUNICIPIO OCAÑA,FREDDY FONTIVEROS,2013-08-21T00:00:00,
OCAÑA,2013004540011,"CONSTRUCCION DE LA PLAZA DE FERIAS DEL MUNICIPIO DE OCAÑA, NORTE DE SANTANDER",Aprobación,4,08/05/2013 12:00:00 AM,4,08/05/2013 12:00:00 AM,Vivienda y Desarrollo Urbano - Ordenamiento territorial y desarrollo urbano,2826553785,MUNICIPIO OCAÑA,FREDDY FONTIVEROS,2013-08-21T00:00:00,
OCAÑA,2013004540011,"CONSTRUCCION DE LA PLAZA DE FERIAS DEL MUNICIPIO DE OCAÑA, NORTE DE SANTANDER",Ajustes-aumento,4,08/28/2014 12:00:00 AM,4,08/28/2014 12:00:00 AM,Vivienda y Desarrollo Urbano - Ordenamiento territorial y desarrollo urbano,-183076682,,N/A,N/A,
OCAÑA,2015004540019,"REHABILITACIÓN DE PAVIMENTO RÍGIDO Y FLEXIBLE DE LOS SECTORES CRÍTICOS DE OCAÑA, NORTE DE SANTANDER",Aprobación,2,06/24/2015 12:00:00 AM,2,07/03/2015 12:00:00 AM,Transporte - Red urbana,1200060645,MUNICIPIO OCAÑA,RICARDO UMBARILA BOLIVAR,2015-07-09T00:00:00,
OCAÑA,2015004540018,CONSTRUCCIÓN PUENTE VEHICULAR RÍO CHIQUITO BARRIO LA PIÑUELA MUNICIPIO DE OCAÑA,Aprobación,2,06/24/2015 12:00:00 AM,2,07/03/2015 12:00:00 AM,Transporte - Red urbana,328032445,MUNICIPIO OCAÑA,JEFFERSON GUERRERO,2015-07-15T00:00:00,
PAMPLONA,2012004540008,"Rehabilitación de la vía principal (calle 9), barrio San Pedro Pamplona, Norte de Santander, Centro Oriente",Aprobación,4,11/13/2012 12:00:00 AM,3,11/13/2012 12:00:00 AM,Transporte - Red urbana,704984608,Municipio de PAMPLONA,FREDDY FONTIVEROS,2013-09-24T00:00:00,
PAMPLONA,2013004540018,"Rehabilitación vías urbanas barrios El Guamo, El Carmen, Brighton y Loma de la Cruz, municipio de Pamplona, Norte de Santander",Aprobación,4,08/05/2013 12:00:00 AM,4,08/05/2013 12:00:00 AM,Transporte - Red urbana,998681923,MUNICIPIO PAMPLONA,FREDDY FONTIVEROS,2013-08-08T00:00:00,
PAMPLONA,2013004540022,"Rehabilitación vías principales del barrio Juan XXIII,  municipio de Pamplona, Norte de Santander",Aprobación,4,08/05/2013 12:00:00 AM,4,08/05/2013 12:00:00 AM,Transporte - Red urbana,599997283,MUNICIPIO PAMPLONA,ORLANDO JAIMES BARAJAS,2014-02-20T00:00:00,
PAMPLONA,2015004540012,RECUPERACIÓN DE MALLA VIAL DE LAS CALLES: CALLE 9 ENTRE CARRERA 7 Y CARRERA 9 (EL TOPÓN) Y LA CALLE 11 ENTRE CARRERA 7 Y CARRERA 8 (EL FLORIÁN) DEL MUNICIPIO DE PAMPLONA,Aprobación,2,06/24/2015 12:00:00 AM,2,07/03/2015 12:00:00 AM,Transporte - Red urbana,749989139,MUNICIPIO PAMPLONA,RICARDO UMBARILA BOLIVAR,2015-08-19T00:00:00,
PAMPLONA,2015004540005,"CONSTRUCCION MURO DE CONTENCION CALLE 16 ENTRE AV. SANTANDER ENTRADA VEREDA MONTEADENTRO-PATINODROMO, MUNICIPIO DE PAMPLONA, NORTE DE SANTANDER",Aprobación,3,07/29/2015 12:00:00 AM,3,08/06/2015 12:00:00 AM,Transporte - Red urbana,778814449,MUNICIPIO PAMPLONA,RICARDO UMBARILA BOLIVAR,2015-09-14T00:00:00,
PAMPLONA,n/a,"Priorizar los sectores de inversión 1. Agricultura y Desarrollo Rural, 2.
Comercio, Industria y Turismo, 3. Deporte y Recreación, 4. Educación, 5.
Transporte",Priorizar sectores,6,10/27/2016 12:00:00 AM,5,10/27/2016 12:00:00 AM,,0,,,,
PAMPLONA,2016004540011,"MEJORAMIENTO DE LA VÍA EN PAVIMENTO ASFÁLTICO CALLE 13
ENTRE CALLE 14 Y CARRERA 14, BARRIO EL ESCORIAL - MUNICIPIO DE PAMPLONA - NORTE DE SANTANDER
",Aprobación,3,04/20/2017 12:00:00 AM,3,04/24/2017 12:00:00 AM,Transporte ,762194875,MUNICIPIO PAMPLONA,,,
PAMPLONITA,2013004540010,"Mantenimiento y adecuación de vías urbanas en el sector centro poblado El Diamante y en el sector urbano del Municipio de Pamplonita, Norte de Santander",Aprobación,3,06/11/2013 12:00:00 AM,3,06/11/2013 12:00:00 AM,Transporte - Red urbana,505619861,MUNICIPIO PAMPLONITA,FREDDY FONTIVEROS,2013-12-30T00:00:00,
PAMPLONITA,2015004540031,"CONSTRUCCION COCINAS REGULADORAS DE HUMO EN EL SECTOR RURAL DEL MUNICIPIO PAMPLONITA, DEPARTAMENTO NORTE DE SANTANDER",Aprobación,3,07/29/2015 12:00:00 AM,3,08/06/2015 12:00:00 AM,Vivienda y desarrollo urbano - vivienda rural,248351922,MUNICIPIO PAMPLONITA,JEFFERSON GUERRERO,2015-09-01T00:00:00,
PAMPLONITA,n/a,"Priorizar los sectores de inversión 1. Agricultura y Desarrollo Rural, 2.
Ambiente y Desarrollo Sostenible, 3. Inclusión Social, 4. Transporte, 5. Vivienda,
Ciudad y Territorio",Priorizar sectores,6,10/27/2016 12:00:00 AM,5,10/27/2016 12:00:00 AM,,0,,,,
PUERTO SANTANDER,2012004540011,"Construcción Pavimento rígido, carreras 1A y 2, Barrio El Porvenir, Puerto Santander, Norte de Santander, Centro Oriente",Aprobación,3,10/22/2012 12:00:00 AM,2,10/22/2012 12:00:00 AM,Transporte - Red urbana,299992658,Municipio de PUERTO SANTANDER,ORLANDO JAIMES BARAJAS,2013-02-18T00:00:00,
PUERTO SANTANDER,2014004540009,"Mejoramiento de vías urbanas del barrio el Porvenir del Municipio de Puerto Santander , Norte de Santander, Centro Oriente",Aprobación,4,08/28/2014 12:00:00 AM,4,08/28/2014 12:00:00 AM,Transporte - Red urbana,715984450,Municipio de PUERTO SANTANDER,GLORIA RUTH BELTRAN LOZANO,2014-09-17T00:00:00,
PUERTO SANTANDER,2014004540009,"Mejoramiento de vías urbanas del barrio el Porvenir del Municipio de Puerto Santander , Norte de Santander, Centro Oriente",Ajustes-aumento,3,07/29/2015 12:00:00 AM,3,08/06/2015 12:00:00 AM,Transporte - Red urbana,61095617,,N/A,N/A,
RAGONVALIA,2012004540026,"ADECUACIÓN DE OBRAS DE ACUEDUCTO Y ALCANTARILLADO DE LOS LOTES URBANIZACIÓN VIS VILLA CALIDAD RAGONVALIA, NORTE DE SANTANDER, CENTRO ORIENTE",Aprobación,5,12/07/2012 12:00:00 AM,4,12/07/2012 12:00:00 AM,Transporte - Red urbana,262202058,MUNICIPIO RAGONVALIA,N/A,N/A,SE DESAPROBO
RAGONVALIA,2012004540026,"ADECUACIÓN DE OBRAS DE ACUEDUCTO Y ALCANTARILLADO DE LOS LOTES URBANIZACIÓN VIS VILLA CALIDAD RAGONVALIA, NORTE DE SANTANDER, CENTRO ORIENTE",desaprobacion,1,03/22/2013 12:00:00 AM,2,06/24/2015 12:00:00 AM,Transporte - Red urbana,-262202058,MUNICIPIO RAGONVALIA,N/A,N/A,
RAGONVALIA,2013004540004,"Construcción de obras de urbanismo y redes de servicios públicos de los lotes urbanización VIS Villa Calidad Ragonvalia, Norte de Santander, Centro Oriente",Aprobación,2,04/04/2013 12:00:00 AM,2,04/04/2013 12:00:00 AM,Vivienda y Desarrollo Urbano - Vivienda urbana        ,262499826,MUNICIPIO RAGONVALIA,FREDDY FONTIVEROS,2013-05-15T00:00:00,PARCIAL
RAGONVALIA,2013004540035,"Mejoramiento vial en el casco urbano del Municipio de Ragonvalia, Norte de Santander",Aprobación,5,10/03/2013 12:00:00 AM,5,10/03/2013 12:00:00 AM,Transporte - Red urbana,484414539,MUNICIPIO RAGONVALIA,FREDDY FONTIVEROS,2013-11-14T00:00:00,
RAGONVALIA,2015004540017,"CONSTRUCCIÓN DE OBRAS DE PAVIMENTACIÓN EN CONCRETO RÍGIDO EN DIFERENTES SECTORES DEL CASCO URBANO DEL MUNICIPIO DE RAGONVALIA, DEPARTAMENTO NORTE DE SANTANDER",Aprobación,2,06/24/2015 12:00:00 AM,2,07/03/2015 12:00:00 AM,Transporte- Red Urbana,373346550,MUNICIPIO RAGONVALIA,JEFFERSON GUERRERO,2015-07-15T00:00:00,
RAGONVALIA,n/a,"Priorizar los sectores de inversión 1. Agricultura y Desarrollo Rural, 2.
Comercio, Industria y Turismo, 3. Deporte y Recreación, 4. Transporte, 5. Vivienda,
Ciudad y Territorio",Priorizar sectores,6,10/27/2016 12:00:00 AM,5,10/27/2016 12:00:00 AM,,0,,,,
RAGONVALIA,2016004540010,"PAVIMENTACIÓN EN CONCRETO RÍGIDO AVENIDA 4 CLLS 2 Y 3 DEL CASCO URBANO DEL MUNICIPIO DE RAGONVALIA, DEPARTAMENTO NORTE DE SANTANDER",Aprobación,3,04/20/2017 12:00:00 AM,3,04/24/2017 12:00:00 AM,Transporte,210333452,MUNICIPIO RAGONVALIA,,,
SALAZAR,2012004540019,Reparación via urbana en la calle 6 del Municipio de Salazar de las Palmas Departamento Norte de Santander,Aprobación,6,12/27/2012 12:00:00 AM,5,12/27/2012 12:00:00 AM,Transporte- Red Urbana,131457474,Municipio de Salazar,FREDDY FONTIVEROS,2013-01-23T00:00:00,
SALAZAR,2013004540015,"Construcción DEL CENTRO AGROPECUARIO Y MICROEMPRESARIAL Salazar, Norte de Santander, Centro Oriente",Aprobación,4,08/05/2013 12:00:00 AM,4,08/05/2013 12:00:00 AM,Desarrollo Social - Infraestructura social y comunitaria,181319633,Municipio de Salazar,FREDDY FONTIVEROS,2014-01-07T00:00:00,
SALAZAR,2013004540015,"Construcción DEL CENTRO AGROPECUARIO Y MICROEMPRESARIAL Salazar, Norte de Santander, Centro Oriente",Ajustes-liberacion,6,10/30/2014 12:00:00 AM,6,10/30/2014 12:00:00 AM,Desarrollo Social - Infraestructura social y comunitaria,-181319633,,N/A,N/A,
SALAZAR,2013004540039,"Recuperación de la Vía Principal del corregimiento Carmen de Nazareth en Salazar, Norte de Santander",Aprobación,5,10/03/2013 12:00:00 AM,5,10/03/2013 12:00:00 AM,Transporte - Vial Red Terciaria,446780639,MUNICIPIO SALAZAR,GLORIA RUTH BELTRAN LOZANO,2013-09-20T00:00:00,
SALAZAR,2013004540043,"Fortalecimiento del sistema educativo mediante el servicio de Transporte Escolar en Salazar, Norte de Santander",Aprobación,5,10/03/2013 12:00:00 AM,5,10/03/2013 12:00:00 AM,Educación - Preescolar y Básica y Media,84780000,MUNICIPIO SALAZAR,GLORIA RUTH BELTRAN LOZANO,2013-10-03T00:00:00,
SALAZAR,2013004540043,"Fortalecimiento del sistema educativo mediante el servicio de Transporte Escolar en Salazar, Norte de Santander",Ajustes-reembolso,2,06/24/2015 12:00:00 AM,2,07/03/2015 12:00:00 AM,Educación - Preescolar y Básica y Media,-29830000,MUNICIPIO SALAZAR,N/A,N/A,
SALAZAR,2014004540004,"Rehabilitación de la calle 4 entre carreras 4 a 7 del municipio de Salazar de las Palmas, Norte de Santander",Aprobación,2,03/13/2014 12:00:00 AM,2,03/13/2014 12:00:00 AM,TRANSPORTE RED URBANA,181659267,MUNICIPIO SALAZAR,FREDDY FONTIVEROS,2014-05-29T00:00:00,PARCIAL
SALAZAR,2014004540004,"Rehabilitación de la calle 4 entre carreras 4 a 7 del municipio de Salazar de las Palmas, Norte de Santander",Ajustes-aumento,6,10/30/2014 12:00:00 AM,6,10/30/2014 12:00:00 AM,TRANSPORTE RED URBANA,11908903,,N/A,N/A,
SALAZAR,2014004540035,"Reparación via urbana calle 2 entre carreras 7 y 8, y via al instituto técnico agrícola del municipio de Salazar de las Palmas.",Aprobación,8,12/29/2014 12:00:00 AM,8,12/29/2014 12:00:00 AM,TRANSPORTE RED URBANA,221503646,MUNICIPIO SALAZAR,FREDDY FONTIVEROS,,
SALAZAR,2014004540035,"Reparación via urbana calle 2 entre carreras 7 y 8, y via al instituto técnico agrícola del municipio de Salazar de las Palmas.",Ajustes-V.F.E,8,12/29/2014 12:00:00 AM,8,12/29/2014 12:00:00 AM,TRANSPORTE RED URBANA,0,,N/A,N/A,
SALAZAR,2015004540003,"ADECUACIÓN DE LAS CALLES URBANAS DE LOS BARRIOS LOMA DE LA CRUZ, CHAPINERO, PANTANOS Y VIA PRINCIPAL DEL CORREGIMIENTO DE LA LAGUNA EN SALAZAR DE LAS PALMAS, NORTE DE SANTANDER",Aprobación,2,06/24/2015 12:00:00 AM,2,07/03/2015 12:00:00 AM,TRANSPORTE RED URBANA,416550150,MUNICIPIO SALAZAR,CARLOS ROJAS,2015-07-28T00:00:00,
SAN CALIXTO,2012004540012,"Construcción de Saneamiento Básico en las Veredas Mesallana, Potrero Grande, la Marina Vista Hermosa y Quebrada Grande del municipio de San Calixto, Norte de Santander",Aprobación,3,10/22/2012 12:00:00 AM,2,10/22/2012 12:00:00 AM,Vivienda y Desarrollo Urbano - Agua potable y saneamiento básico,427726385,Municipio de SAN CALIXTO,ORLANDO JAIMES BARAJAS,2013-01-29T00:00:00,
SAN CALIXTO,2013004540008,"Construcción de pavimentos rígidos y reposición de redes de alcantarillado en los barrios Tamaco, Betania y Calle Nueva Municipio San Calixto, Norte de Santander",Aprobación,3,06/11/2013 12:00:00 AM,3,06/11/2013 12:00:00 AM,Transporte - Red urbana,835000000,MUNICIPIO SAN CALIXTO,FREDDY FONTIVEROS,2013-11-14T00:00:00,
SAN CALIXTO,2014004540015,"Construcción de obras para la terminación del hogar geriátrico Municipio de San Calixto, Norte de Santander",Aprobación,6,10/30/2014 12:00:00 AM,6,10/30/2014 12:00:00 AM,Desarrollo Social - población vulnerable y excluída,274112193,MUNICIPIO DE SAN CALIXTO,FREDDY FONTIVEROS,2015-03-26T00:00:00,
SAN CALIXTO,2014004540015,"Construcción de obras para la terminación del hogar geriátrico Municipio de San Calixto, Norte de Santander",Ajustes-V.F.E,7,12/03/2014 12:00:00 AM,7,12/03/2014 12:00:00 AM,Desarrollo Social - población vulnerable y excluída,0,,N/A,N/A,
SAN CALIXTO,2014004540015,"Construcción de obras para la terminación del hogar geriátrico Municipio de San Calixto, Norte de Santander",Ajustes-V.F.E,8,12/29/2014 12:00:00 AM,8,12/29/2014 12:00:00 AM,Desarrollo Social - población vulnerable y excluída,0,,N/A,N/A,
SAN CALIXTO,2015004540010,"CONSTRUCCIÓN DE PAVIMENTO RÍGIDO Y REPOSICIÓN DE REDES DE ALCANTARILLADO EN EL CORREGIMIENTO DE PALMARITO, MUNICIPIO DE SAN CALIXTO, NORTE DE SANTANDER",Aprobación,2,06/24/2015 12:00:00 AM,2,07/03/2015 12:00:00 AM,Transporte - Vial Red Terciaria,473222171,MUNICIPIO DE SAN CALIXTO,FREDDY FONTIVEROS,2015-06-24T00:00:00,
SAN CALIXTO,2016004540002,"CONSTRUCCIÓN DE PAVIMENTO RÍGIDO Y REPOSICIÓN DE RED DE ALCANTARILLADO EN EL BARRIO CALLE NUEVA MUNICIPIO DE SAN CALIXTO, NORTE DE SANTANDER",Aprobación,3,06/24/2016 12:00:00 AM,3,06/24/2016 12:00:00 AM,Transporte - Vial Red Terciaria,438000000,MUNICIPIO DE SAN CALIXTO,RICARDO UMBARILA,2016-06-28T00:00:00,
SAN CALIXTO,2016004540002,"CONSTRUCCIÓN DE PAVIMENTO RÍGIDO Y REPOSICIÓN DE RED DE ALCANTARILLADO EN EL BARRIO CALLE NUEVA MUNICIPIO DE SAN CALIXTO, NORTE DE SANTANDER",Ajustes-V.F.E,3,06/24/2016 12:00:00 AM,3,06/24/2016 12:00:00 AM,Transporte - Vial Red Terciaria,0,,,,
SAN CALIXTO,n/a,"Priorizar los sectores de inversión 1. Agricultura y Desarrollo Rural, 2.
Ambiente y desarrollo sostenible, 3. Deporte y Recreación, 4. Transporte, 5. Vivienda,
Ciudad y Territorio",Priorizar sectores,6,10/27/2016 12:00:00 AM,5,10/27/2016 12:00:00 AM,,0,,,,
SAN CAYETANO,2013004540029,"Construcción cubierta en cancha multifuncional Colegio Teodoro Gutiérrez Calderón Sede Primaria Urbana, Municipio de San Cayetano, Norte de Santander",Aprobación,5,10/03/2013 12:00:00 AM,5,10/03/2013 12:00:00 AM,Deporte  - Infraestructura deportiva,22018699,MUNICIPIO SAN CAYETANO,GLORIA RUTH BELTRAN LOZANO,2014-02-13T00:00:00,
SAN CAYETANO,2013004540029,"Construcción cubierta en cancha multifuncional Colegio Teodoro Gutiérrez Calderón Sede Primaria Urbana, Municipio de San Cayetano, Norte de Santander",Ajustes-aumento,4,08/28/2014 12:00:00 AM,4,08/28/2014 12:00:00 AM,Deporte  - Infraestructura deportiva,18627988,,N/A,N/A,
SAN CAYETANO,2013004540054,"Adecuación y mejoramiento del parque principal del municipio de San Cayetano, Norte de Santander",Aprobación,7,12/20/2013 12:00:00 AM,7,12/23/2013 12:00:00 AM,Vivienda y Desarrollo Urbano - Ordenamiento Territorial y Desarrollo Urbano,614416819,MUNICIPIO SAN CAYETANO,FREDDY FONTIVEROS,2014-02-06T00:00:00,
SAN CAYETANO,2013004540054,"Adecuación y mejoramiento del parque principal del municipio de San Cayetano, Norte de Santander",Aclaracion valores,2,06/24/2015 12:00:00 AM,2,07/03/2015 12:00:00 AM,Vivienda y Desarrollo Urbano - Ordenamiento Territorial y Desarrollo Urbano,0,MUNICIPIO SAN CAYETANO,NO APLICA,NO APLICA,
SANTIAGO,2013004540046,"Construcción de pavimento rígido en la calle 10 entre cra. 2 y 3 y cra. 3 entre calles 10 y 11 de la Urbanización Villas de Santiago, Santiago, Norte de Santander",Aprobación,5,10/03/2013 12:00:00 AM,5,10/03/2013 12:00:00 AM,Transporte - Red urbana,336015685,MUNICIPIO SANTIAGO,GLORIA RUTH BELTRAN LOZANO,1899-12-31T00:00:00,
SARDINATA,2012004540013,"Construcción pozos sépticos para la  vereda San roque Sardinata, Norte de Santander, Centro Oriente",Aprobación,4,11/13/2012 12:00:00 AM,3,11/13/2012 12:00:00 AM,Vivienda y Desarrollo Urbano - Agua potable y saneamiento básico,899923861,Municipio de SARDINATA,FREDDY FONTIVEROS,2013-03-22T00:00:00,PARCIAL
SARDINATA,2013004540013,"Fortalecimiento del Sistema Educativo mediante el Servicio de Transporte Escolar en el Municipio de Sardinata, Norte de Santander, Centro Oriente",Aprobación,4,08/05/2013 12:00:00 AM,4,08/05/2013 12:00:00 AM,Educación - Preescolar y Básica y Media,270000000,MUNICIPIO SARDINATA,ARNULFO PEREZ REMOLINA,2014-02-20T00:00:00,
SARDINATA,2013004540014,"Apoyo al Programa de Alimentación Escolar del Municipio Sardinata, Norte de Santander, Centro Oriente",Aprobación,4,08/05/2013 12:00:00 AM,4,08/05/2013 12:00:00 AM,Educación - Preescolar y Básica y Media,179080000,MUNICIPIO SARDINATA,SAIDA STELLA DAVILA FLOREZ,2013-08-20T00:00:00,
SARDINATA,2013004540024,"Mejoramiento y mantenimiento de la vía Las Mercedes - Luis Vero Sardinata, Norte de Santander,",Aprobación,4,08/05/2013 12:00:00 AM,4,08/05/2013 12:00:00 AM,Transporte - Vial Red Terciaria,499956475,MUNICIPIO SARDINATA,GLORIA RUTH BELTRAN LOZANO,2013-12-19T00:00:00,
SARDINATA,2014004540013,"Rehabilitación centro recreacional los Chicaros, municipio de Sardinata, Norte de Santander",Aprobación,8,12/29/2014 12:00:00 AM,8,12/29/2014 12:00:00 AM,Deporte - Infraestructura deportiva,1755767689,MUNICIPIO SARDINATA,CARLOS ROJAS,2015-02-25T00:00:00,
SARDINATA,2014004540013,"Rehabilitación centro recreacional los Chicaros, municipio de Sardinata, Norte de Santander",Ajustes-V.F.E,8,12/29/2014 12:00:00 AM,8,12/29/2014 12:00:00 AM,Deporte - Infraestructura deportiva,0,,N/A,N/A,
SARDINATA,2014004540013,"Rehabilitación centro recreacional los Chicaros, municipio de Sardinata, Norte de Santander",Ajustes-aumento,2,06/24/2015 12:00:00 AM,2,07/03/2015 12:00:00 AM,Deporte - Infraestructura deportiva,0,,N/A,N/A,
SILOS,2013004540002,"Construcción con mezcla densa en caliente tipo MDC-2 de la vía de acceso principal barrio la Milagrosa Silos, Norte de Santander, Centro Oriente",Aprobación,1,03/21/2013 12:00:00 AM,1,03/22/2013 12:00:00 AM,Transporte - Red urbana,143969066,MUNICIPIO SILOS,GLORIA RUTH BELTRAN LOZANO,2014-02-12T00:00:00,
SILOS,2014004540003,"Construcción de pavimento rígido de la calle principal del Barrio Los Pinos, corregimiento de Bábega, Municipio de Santo Domingo de Silos, Norte de Santander",Aprobación,2,03/13/2014 12:00:00 AM,2,03/13/2014 12:00:00 AM,TRANSPORTE RED URBANA,299966023,MUNICIPIO SILOS,FREDDY FONTIVEROS,2014-05-29T00:00:00,PARCIAL
SILOS,2015004540022,"CONSTRUCCIÓN DE ESTUFAS REGULADORAS DE HUMO EN ZONA RURAL DEL MUNICIPIO DE SANTO DOMINGO DE SILOS, NORTE DE SANTANDER",Aprobación,2,06/24/2015 12:00:00 AM,2,07/03/2015 12:00:00 AM,Vivienda y Desarrollo Urbano - Vivienda rural,283124839,MUNICIPIO SILOS,FREDDY FONTIVEROS,2015-07-14T00:00:00,
TEORAMA,2012004540020,REMODELACIÓN Y ADECUACIÓN DE LA INFRAESTRUCTURA FÍSICA DE LA ESCUELA URBANA INSTITUCION EDUCATIVA EMILIANO SANTIAGO QUINTERO MUNICIPIO DE TEORAMA DEPARTAMENTO NORTE DE SANTANDER,Aprobación,6,12/27/2012 12:00:00 AM,5,12/27/2012 12:00:00 AM,"Educación - Preescolar, Básica y Media",618839188,Municipio de TEORAMA,FREDDY FONTIVEROS,2013-02-16T00:00:00,
TEORAMA,2013004540030,"Reposición y optimización del sistema de alcantarillado del corregimiento del Aserrío, Municipio de Teorama, Norte de Santander",Aprobación,6,11/18/2013 12:00:00 AM,6,11/18/2013 12:00:00 AM,Vivienda y Desarrollo Urbano - Agua potable y saneamiento básico,473841570,MUNICIPIO TEORAMA,FREDDY FONTIVEROS,2014-02-12T00:00:00,
TEORAMA,2013004540033,"Construcción I Etapa Sistema Alcantarillado Sanitario Corregimiento San Juancito Municipio de Teorama, Norte de Santander",Aprobación,6,11/18/2013 12:00:00 AM,6,11/18/2013 12:00:00 AM,Vivienda y Desarrollo Urbano - Agua potable y saneamiento básico,445128184,MUNICIPIO TEORAMA,FREDDY FONTIVEROS,2013-12-16T00:00:00,
TEORAMA,2013004540037,Adecuación y remodelación parque urbano del corregimiento de San Pablo Municipio de Teorama Departamento Norte de Santander,Aprobación,6,11/18/2013 12:00:00 AM,6,11/18/2013 12:00:00 AM,Vivienda y Desarrollo Urbano - Ordenamiento territorial y desarrollo urbano,440660559,MUNICIPIO TEORAMA,GLORIA RUTH BELTRAN LOZANO,1899-12-31T00:00:00,
TEORAMA,2015004540009,"CONSTRUCCIÓN PAVIMENTACIÓN EN CONCRETO RÍGIDO Y RECOLECCIÓN DE AGUAS LLUVIAS DE LA CALLE QUE COMUNICA AL BARRIO EL PIÑAL CON EL SECTO TEORAMA, NORTE DE SANTANDER",Aprobación,2,06/24/2015 12:00:00 AM,2,07/03/2015 12:00:00 AM,Transporte- Red Urbana,369966449,MUNICIPIO TEORAMA,CARLOS ROJAS ,2015-07-28T00:00:00,
TEORAMA,2015004540002,"CONSTRUCCION DE OBRAS DE PAVIMENTACION EN CONCRETO RIGIDO DE LA CALLE 7 ENTRE CARRERAS 3 Y 5 DEL CASCO URBANO  DEL MUNICIPIO DE TEORAMA, NORTE DE SANTANDER",Aprobación,3,07/29/2015 12:00:00 AM,3,08/06/2015 12:00:00 AM,Transporte- Red Urbana,558000004,MUNICIPIO TEORAMA,JEFFERSON GUERRERO,2015-08-18T00:00:00,
TOLEDO,2012004540021,"CONSTRUCCION EN PAVIMENTO RIGIDO Y REPOSICION DE ALCANTARILLADO DE LAS VIAS BARRIO PRADOS DE BELEN Y LA URBANIZACION BUENA VISTA FASE 1, TOLEDO, NORTE DE SANTANDER",Aprobación,6,12/27/2012 12:00:00 AM,5,12/27/2012 12:00:00 AM,Transporte- Red Urbana,528983141,Municipio de Toledo,GLORIA RUTH BELTRAN LOZANO,2013-02-14T00:00:00,PARCIAL
TOLEDO,2014004540005,"Mejoramiento de la infraestructura física del Hogar Juvenil Campesino, Vereda Toledito, Municipio de Toledo, Norte de Santander",Aprobación,3,03/28/2014 12:00:00 AM,3,03/28/2014 12:00:00 AM,"EDUCACION - PREESCOLAR, BASICA Y MEDIA",129998088,MUNICIPIO TOLEDO,GLORIA RUTH BELTRAN LOZANO,2014-05-29T00:00:00,
TOLEDO,2014004540011,"Construcción de obras de pavimentación en los barrios de Belén, Portal de Belén, El Contento y Santa Lucía, 2da Etapa, Municipio de Toledo, Norte de Santander",Aprobación,4,08/28/2014 12:00:00 AM,4,08/28/2014 12:00:00 AM,Transporte - Red urbana,1148633632,MUNICIPIO TOLEDO,FREDDY FONTIVEROS,2014-09-22T00:00:00,
VILLACARO,2013004540006,"Mejoramiento de la vía El Oso - Villacaro, Municipio de Villa Caro, Norte de Santander, Centro Oriente",Aprobación,3,06/11/2013 12:00:00 AM,3,06/11/2013 12:00:00 AM,Transporte - Vial Red Terciaria,163703079,MUNICIPIO VILLACARO,GLORIA RUTH BELTRAN LOZANO,2013-08-02T00:00:00,
VILLACARO,2013004540040,"Mejoramiento de la vía de acceso al Municipio de Villa Caro, Norte de Santander",Aprobación,6,11/18/2013 12:00:00 AM,6,11/18/2013 12:00:00 AM,Transporte - Vial Red Secundaria,269423434,MUNICIPIO VILLACARO,FREDDY FONTIVEROS,2013-11-29T00:00:00,
VILLACARO,2014004540034,"Construcción del parque biosaludable y mejoramiento del parque existente delicias de lourdes del municipio de Villa Caro, Norte de Santander, Centro Oriente",Aprobación,8,12/29/2014 12:00:00 AM,8,12/29/2014 12:00:00 AM,"Deporte - Fomento a la recreación, actividad fisica y deporte",154123847,MUNICIPIO VILLACARO,FREDDY FONTIVEROS,2015-02-03T00:00:00,
VILLACARO,2014004540034,"Construcción del parque biosaludable y mejoramiento del parque existente delicias de lourdes del municipio de Villa Caro, Norte de Santander, Centro Oriente",Ajustes-V.F.E,8,12/29/2014 12:00:00 AM,8,12/29/2014 12:00:00 AM,"Deporte - Fomento a la recreación, actividad fisica y deporte",0,,N/A,N/A,
VILLACARO,2015004540013,"MEJORAMIENTO VIAL MEDIANTE LA CONSTRUCCIÓN DE PLACA HUELLAS EN LA VÍA DE ACCESO AL MUNICIPIO DE VILLA CARO, NORTE DE SANTANDER",Aprobación,2,06/24/2015 12:00:00 AM,2,07/03/2015 12:00:00 AM,Transporte - Vial Red Secundaria,177141648,MUNICIPIO VILLACARO,CARLOS ROJAS,2015-07-27T00:00:00,
VILLACARO,n/a,"Priorizar los sectores de inversión 1. Agricultura y Desarrollo Rural, 2.
Educación, 3. Salud y Protección Social, 4. Transporte, 5. Vivienda, Ciudad y
Territorio",Priorizar sectores,6,10/27/2016 12:00:00 AM,5,10/27/2016 12:00:00 AM,,0,,,,
NORTE DE SANTANDER,2012004540022,Instalación de Acabados Arquitectonicos del nuevo servicio de urgencias del Hospital del Municipio de  Salazar Departamento Norte de Santander,Aprobación,6,12/27/2012 12:00:00 AM,5,12/27/2012 12:00:00 AM,Salud - Prestación de servicios de salud,17815534,DEPARTAMENTO,FREDDY FONTIVEROS,2013-02-19T00:00:00,
NORTE DE SANTANDER,2012004540022,Instalación de Acabados Arquitectonicos del nuevo servicio de urgencias del Hospital del Municipio de  Salazar Departamento Norte de Santander,liberacion de recursos,6,10/27/2016 12:00:00 AM,5,10/27/2016 12:00:00 AM,Salud - Prestación de servicios de salud,-28575,,,,
NORTE DE SANTANDER,2012004540022,Instalación de Acabados Arquitectonicos del nuevo servicio de urgencias del Hospital del Municipio de  Salazar Departamento Norte de Santander,cierre,7,12/28/2016 12:00:00 AM,6,12/28/2016 12:00:00 AM,Salud - Prestación de servicios de salud,0,,,,
NORTE DE SANTANDER,n/a,DEUDA PLAN DEPARTAMENTAL DE AGUAS 2012,Aprobación,2,10/01/2012 12:00:00 AM,1,10/01/2012 12:00:00 AM,Planificación,6600000000,DEPARTAMENTO,NO APLICA,no aplica,
NORTE DE SANTANDER,n/a,DEUDA PLAN DEPARTAMENTAL DE AGUAS 2012,Aclaracion valores,1,02/19/2016 12:00:00 AM,1,02/19/2016 12:00:00 AM,Planificación,-1100000000,DEPARTAMENTO,NO APLICA,no aplica,
NORTE DE SANTANDER,n/a,servicio a la deuda 2012,Aprobación,2,10/01/2012 12:00:00 AM,1,10/01/2012 12:00:00 AM,Planificación,1242445312,DEPARTAMENTO,NO APLICA,no aplica,
NORTE DE SANTANDER,n/a,servicio a la deuda 2012,Aclaracion valores,1,02/19/2016 12:00:00 AM,1,02/19/2016 12:00:00 AM,Planificación,0,DEPARTAMENTO,NO APLICA,no aplica,
NORTE DE SANTANDER,n/a,DEUDA PLAN DEPARTAMENTAL DE AGUAS 2013,Aprobación,1,03/22/2013 12:00:00 AM,1,03/22/2013 12:00:00 AM,Planificación,6600000000,DEPARTAMENTO,NO APLICA,no aplica,
NORTE DE SANTANDER,n/a,DEUDA PLAN DEPARTAMENTAL DE AGUAS 2015,Aprobación,1,02/23/2015 12:00:00 AM,1,02/23/2015 12:00:00 AM,Planificación,5819658818,DEPARTAMENTO,N/A,NO APLICA,no aplica
NORTE DE SANTANDER,n/a,servicio a la deuda 2013,Aprobación,1,03/22/2013 12:00:00 AM,1,03/22/2013 12:00:00 AM,Planificación,4475237936,DEPARTAMENTO,NO APLICA,no aplica,
NORTE DE SANTANDER,n/a,servicio a la deuda 2015,Aprobación,1,02/23/2015 12:00:00 AM,1,02/23/2015 12:00:00 AM,Planificación,5237625000,DEPARTAMENTO,N/A,NO APLICA,no aplica
NORTE DE SANTANDER,n/a,servicio a la deuda 2016,Aprobación,1,02/19/2016 12:00:00 AM,1,02/19/2016 12:00:00 AM,Planificación,3691572371,DEPARTAMENTO,N/A,N/A,
NORTE DE SANTANDER,n/a,servicio a la deuda 2017,Aprobación,2,03/17/2017 12:00:00 AM,2,03/17/2017 12:00:00 AM,Planificación,4917787500,DEPARTAMENTO,N/A,N/A,
NORTE DE SANTANDER,n/a,servicio a la deuda 2018,Aprobación,2,03/17/2017 12:00:00 AM,2,03/17/2017 12:00:00 AM,Planificación,4388887500,DEPARTAMENTO,,,
NORTE DE SANTANDER,,"Adquisición y dotacion de una Ambulancia Medicalizada y tres Ambulancias Basicas para los Municipios de Abrego, El Tarra, San Calixto y Tibu Norte de Santander, Centro Oriente",aprobación,6,12/27/2012 12:00:00 AM,5,12/27/2012 12:00:00 AM,Salud -  Prestación de servicios de salud,-256000000,,KARINA ALVAREZ,2014-02-14T00:00:00,
NORTE DE SANTANDER,,"Adquisición y dotacion de una Ambulancia Medicalizada y tres Ambulancias Basicas para los Municipios de Abrego, El Tarra, San Calixto y Tibu Norte de Santander, Centro Oriente",Ajustes-liberacion,7,12/20/2013 12:00:00 AM,7,12/23/2013 12:00:00 AM,Salud -  Prestación de servicios de salud,256000000,,N/A,N/A,
NORTE DE SANTANDER,2013004540051,"Adquisición y Dotacion de una ambulancia medicalizada y tres ambulancias básicas para los municipios de Abrego, El Tarra, Toledo y Tibú Norte de Santander",Aprobación,7,12/20/2013 12:00:00 AM,7,12/23/2013 12:00:00 AM,Salud -  Prestación de servicios de salud,640000000,DEPARTAMENTO,KARINA ALVAREZ,2014-02-14T00:00:00,
NORTE DE SANTANDER,2013004540051,"Adquisición y Dotacion de una ambulancia medicalizada y tres ambulancias básicas para los municipios de Abrego, El Tarra, Toledo y Tibú Norte de Santander",Ajustes-liberacion,8,12/29/2014 12:00:00 AM,8,12/29/2014 12:00:00 AM,Salud -  Prestación de servicios de salud,-640000000,DEPARTAMENTO,N/A,N/A,
NORTE DE SANTANDER,2014004540008,"Implementación para el establecimiento de un sistema agroforestal caucho natural –piña,beneficiando a pequeños productores de ASOCATI en el municipio de Tibú, Norte de Santander",Aprobación,4,08/28/2014 12:00:00 AM,4,08/28/2014 12:00:00 AM,Trabajo - Proyectos productivos,1118629000,DEPARTAMENTO,FREDDY FONTIVEROS,2014-08-28T00:00:00,
NORTE DE SANTANDER,2014004540008,"Implementación para el establecimiento de un sistema agroforestal caucho natural –piña,beneficiando a pequeños productores de ASOCATI en el municipio de Tibú, Norte de Santander",Ajustes-V.F.E,8,12/29/2014 12:00:00 AM,8,12/29/2014 12:00:00 AM,Trabajo - Proyectos productivos,0,,N/A,N/A,
NORTE DE SANTANDER,2014004540008,"Implementación para el establecimiento de un sistema agroforestal caucho natural –piña,beneficiando a pequeños productores de ASOCATI en el municipio de Tibú, Norte de Santander",cierre,7,12/28/2016 12:00:00 AM,6,12/28/2016 12:00:00 AM,Trabajo - Proyectos productivos,0,,,,
NORTE DE SANTANDER,2014004540027,"Fortalecimiento en el traslado de los usuarios de las IPS del el Tarra y Tibu, a un mayor nivel de complejidad en el departamento de Norte de Santander",Aprobación,8,12/29/2014 12:00:00 AM,8,12/29/2014 12:00:00 AM,"Salud - Dotación, adquisición o reposición de equipos",441000000,DEPARTAMENTO,FREDDY FONTIVEROS,2015-01-28T00:00:00,
NORTE DE SANTANDER,2014004540027,"Fortalecimiento en el traslado de los usuarios de las IPS del el Tarra y Tibu, a un mayor nivel de complejidad en el departamento de Norte de Santander",Ajustes-ejecutor,6,10/27/2016 12:00:00 AM,5,10/27/2016 12:00:00 AM,"Salud - Dotación, adquisición o reposición de equipos",16100000,,,,
NORTE DE SANTANDER,2014004540027,"Fortalecimiento en el traslado de los usuarios de las IPS del el Tarra y Tibu, a un mayor nivel de complejidad en el departamento de Norte de Santander",Ajustes-ejecutor,7,12/28/2016 12:00:00 AM,6,12/28/2016 12:00:00 AM,"Salud - Dotación, adquisición o reposición de equipos",-100000,,,,
NORTE DE SANTANDER,2014004540027,"Fortalecimiento en el traslado de los usuarios de las IPS del el Tarra y Tibu, a un mayor nivel de complejidad en el departamento de Norte de Santander",cierre,3,04/20/2017 12:00:00 AM,3,04/24/2017 12:00:00 AM,"Salud - Dotación, adquisición o reposición de equipos",,,,,
NORTE DE SANTANDER,n/a,DEUDA PLAN DEPARTAMENTAL DE AGUAS 2015,Aprobación,4,09/03/2015 12:00:00 AM,4,09/11/2015 12:00:00 AM,Planificación,180341182,DEPARTAMENTO,N/A,N/A,
NORTE DE SANTANDER,n/a,RENDICION DE CUENTAS I SEMESTRE DEL 2015,Aprobación,6,09/30/2015 12:00:00 AM,6,09/30/2015 12:00:00 AM,n/a,0,,,,
NORTE DE SANTANDER,n/a,RENDICION DE CUENTAS II SEMESTRE DEL 2015,Aprobación,7,12/10/2015 12:00:00 AM,7,12/10/2015 12:00:00 AM,n/a,0,,N/A,N/A,
NORTE DE SANTANDER,n/a,RENDICION DE CUENTAS I SEMESTRE DEL 2016,Aprobación,4,07/18/2016 12:00:00 AM,4,07/18/2016 12:00:00 AM,n/a,0,,,,
NORTE DE SANTANDER,n/a,RENDICION DE CUENTAS II SEMESTRE DEL 2016,Aprobación,1,02/03/2017 12:00:00 AM,1,02/07/2017 12:00:00 AM,n/a,0,,,,
NORTE DE SANTANDER,2015004540037,"Fortalecimiento en el traslado de los usuarios de ESE hospital regional norte en zona rural de los municipios Tibu, el Tarra y Sardinata, Departamento Norte de Santander ",Aprobación,5,09/15/2015 12:00:00 AM,5,09/16/2015 12:00:00 AM,"Salud - Dotación, adquisición o reposición de equipos",805800000,Gobernacion Norte de Santander,FREDDY FONTIVEROS,2015-09-15T00:00:00,
NORTE DE SANTANDER,2015004540037,"Fortalecimiento en el traslado de los usuarios de ESE hospital regional norte en zona rural de los municipios Tibu, el Tarra y Sardinata, Departamento Norte de Santander ",Ajustes-ejecutor,3,06/24/2016 12:00:00 AM,3,06/24/2016 12:00:00 AM,"Salud - Dotación, adquisición o reposición de equipos",121088000,,,,
NORTE DE SANTANDER,2015004540037,"Fortalecimiento en el traslado de los usuarios de ESE hospital regional norte en zona rural de los municipios Tibu, el Tarra y Sardinata, Departamento Norte de Santander ",Ajustes-ejecutor,6,10/27/2016 12:00:00 AM,5,10/27/2016 12:00:00 AM,"Salud - Dotación, adquisición o reposición de equipos",0,,,,
NORTE DE SANTANDER,2015004540037,"Fortalecimiento en el traslado de los usuarios de ESE hospital regional norte en zona rural de los municipios Tibu, el Tarra y Sardinata, Departamento Norte de Santander ",Ajustes-ejecutor,7,12/28/2016 12:00:00 AM,6,12/28/2016 12:00:00 AM,"Salud - Dotación, adquisición o reposición de equipos",-488178,,,,
NORTE DE SANTANDER,2015004540041,"RESTAURACIÓN Y RECONSTRUCCIÓN CASA DE LA CULTURA FRANCISCO DE PAULA DE SANTANDER, MUNICIPIO DE VILLA DEL ROSARIO, NORTE DE SANTANDER, CENTRO ORIENTE",Viabilizado y priorizado,8,12/31/2015 12:00:00 AM,8,12/31/2015 12:00:00 AM,Cultura - Patrimonio,0,,N/A,N/A,
NORTE DE SANTANDER,2015004540042,"FORTALECIMIENTO A LA PRODUCCIÓN Y
COMERCIALIZACIÓN EN CULTIVOS DE MORA Y FRIJOL EN ZONAS AFECTADAS POR EL FENOMENO DE LA NIÑA 2010-2011 EN MUNICIPIOS DEL DEPARTAMENTO NORTE DE SANTANDER",Viabilizado y priorizado,8,12/31/2015 12:00:00 AM,8,12/31/2015 12:00:00 AM,Agricultura - proyectos de desarrollo rural,0,,N/A,N/A,
NORTE DE SANTANDER,2016548200002,"CONSTRUCCIÓN CANCHA DE FUTBOL EN GRAMA SINTÉTICA CAMPIN CAMACHO BARRETO DEL MUNICIPIO DE TOLEDO, NORTE DE SANTANDER.CENTRO ORIENTE. ",Priorizado y aprobado,7,12/28/2016 12:00:00 AM,6,12/28/2016 12:00:00 AM,Deporte y recreacion,700000000,,,,
NORTE DE SANTANDER,n/a,"Que las decisiones que se adoptan a través del presente Acuerdo, se encuentran 
soportadas en el Acta No. 9 del 26 de noviembre de 2015, suscrita por el Presidente y 
Secretario Técnico del OCAD de Norte de Santander, respectivamente. ",Aclaracion Acuerdos anteriores,1,02/19/2016 12:00:00 AM,1,02/19/2016 12:00:00 AM,n/a,,,,,
NORTE DE SANTANDER,n/a,"Priorizar al departamento de Norte de Santander los sectores de Transporte, Educación, Salud, Agropecuario y Cultura. ",Aclaracion Acuerdos anteriores,1,02/19/2016 12:00:00 AM,1,02/19/2016 12:00:00 AM,n/a,,,,,
NORTE DE SANTANDER,n/a,Priorizar los sectores de inversión Salud y Protección Social; Transporte; Ambiente y Desarrollo Sostenible; Educación; Agricultura y Desarrollo Rural,Priorizar sectores,4,07/18/2016 12:00:00 AM,4,07/18/2016 12:00:00 AM,Salud y Protección Social; Transporte; Ambiente y Desarrollo Sostenible; Educación; Agricultura y Desarrollo Rural,0,,,,
NORTE DE SANTANDER,n/a,Eleccion de Presidente del OCAD Departamental,n/a,1,02/03/2017 12:00:00 AM,1,02/07/2017 12:00:00 AM,n/a,0,,,,
NORTE DE SANTANDER,n/a,Designacion de la secretaria tecnica del OCAD,n/a,1,02/03/2017 12:00:00 AM,1,02/07/2017 12:00:00 AM,n/a,0,,,,
NORTE DE SANTANDER,n/a,Conformacion del comité consultivo,n/a,1,02/03/2017 12:00:00 AM,1,02/07/2017 12:00:00 AM,n/a,0,,,,
